{
    "data": [
      {
        "sellTo": "PR15",
        "hardwareSKU": 28305924,
        "serial": 759589,
        "receipt": 763617,
        "purchaseDate": "08/23/2016",
        "carepakSKU": 24783603,
        "term": 3,
        "activationCode": "ESPDA85NF",
        "firstName": "Guzman",
        "lastName": "Gallagher",
        "expDate": "06/18/2018",
        "company": "COMVEX",
        "email": "guzman.gallagher@comvex.ca",
        "phone": "830-466-3368",
        "picture": "<a onclick=\"showReceiptModal()\"><i class=\"icon-receipt\"></i></a>",
        "edit": "<a href=\"#\" onclick=\"showEditCustomerModal(759589, 'Guzman', 'Gallagher', 'guzman.gallagher@comvex.ca', '830-466-3368')\">EDIT</a>",
        "checked": false
      },
      {
        "sellTo": "PR55",
        "hardwareSKU": 68797833,
        "serial": 363616,
        "receipt": 510832,
        "purchaseDate": "03/16/2016",
        "carepakSKU": 23002287,
        "term": 3,
        "activationCode": "ESPDAR543G",
        "firstName": "Althea",
        "lastName": "Hahn",
        "expDate": "06/10/2018",
        "company": "EPLODE",
        "email": "althea.hahn@eplode.name",
        "phone": "868-524-3585",
        "picture": "<a onclick=\"showReceiptModal()\"><i class=\"icon-receipt\"></i></a>",
        "edit": "<a href=\"#\" onclick=\"showEditCustomerModal(363616, 'Althea', 'Hahn', 'althea.hahn@eplode.name', '868-524-3585')\">EDIT</a>",
        "checked": false
      },
      {
        "sellTo": "PR35",
        "hardwareSKU": 75328816,
        "serial": 508742,
        "receipt": 904656,
        "purchaseDate": "06/21/2017",
        "carepakSKU": 14398589,
        "term": 19,
        "activationCode": "MSPDA12A",
        "firstName": "Sheila",
        "lastName": "Solis",
        "expDate": "06/14/2018",
        "company": "CANDECOR",
        "email": "sheila.solis@candecor.biz",
        "phone": "842-454-3338",
        "picture": "<a onclick=\"showReceiptModal()\"><i class=\"icon-receipt\"></i></a>",
        "edit": "<a href=\"#\" onclick=\"showEditCustomerModal(508742, 'Sheila', 'Solis', 'sheila.solis@candecor.biz', '842-454-3338')\">EDIT</a>",
        "checked": false
      },
      {
        "sellTo": "PR45",
        "hardwareSKU": 79079840,
        "serial": 722105,
        "receipt": 112435,
        "purchaseDate": "05/09/2015",
        "carepakSKU": 25228819,
        "term": 2,
        "activationCode": "ESPDA85NF",
        "firstName": "Kris",
        "lastName": "Kemp",
        "expDate": "06/20/2018",
        "company": "COMTRAIL",
        "email": "kris.kemp@comtrail.me",
        "phone": "936-562-2006",
        "picture": "<a onclick=\"showReceiptModal()\"><i class=\"icon-receipt\"></i></a>",
        "edit": "<a href=\"#\" onclick=\"showEditCustomerModal(722105, 'Kris', 'Kemp', 'kris.kemp@comtrail.me', '936-562-2006')\">EDIT</a>",
        "checked": false
      },
      {
        "sellTo": "PR35",
        "hardwareSKU": 88252154,
        "serial": 296481,
        "receipt": 932653,
        "purchaseDate": "02/25/2014",
        "carepakSKU": 65827138,
        "term": 12,
        "activationCode": "MSPDAR87B",
        "firstName": "Claire",
        "lastName": "Kirby",
        "expDate": "06/29/2018",
        "company": "ZIDANT",
        "email": "claire.kirby@zidant.co.uk",
        "phone": "965-450-3345",
        "picture": "<a onclick=\"showReceiptModal()\"><i class=\"icon-receipt\"></i></a>",
        "edit": "<a href=\"#\" onclick=\"showEditCustomerModal(296481, 'Claire', 'Kirby', 'claire.kirby@zidant.co.uk', '965-450-3345')\">EDIT</a>",
        "checked": false
      },
      {
        "sellTo": "PR05",
        "hardwareSKU": 99378139,
        "serial": 73932,
        "receipt": 455035,
        "purchaseDate": "01/15/2017",
        "carepakSKU": 69348091,
        "term": 18,
        "activationCode": "MSPDAR87B",
        "firstName": "Marlene",
        "lastName": "Joyce",
        "expDate": "06/15/2018",
        "company": "ZYTRAC",
        "email": "marlene.joyce@zytrac.us",
        "phone": "937-443-2386",
        "picture": "<a onclick=\"showReceiptModal()\"><i class=\"icon-receipt\"></i></a>",
        "edit": "<a href=\"#\" onclick=\"showEditCustomerModal(73932, 'Marlene', 'Joyce', 'marlene.joyce@zytrac.us', '937-443-2386')\">EDIT</a>",
        "checked": false
      },
      {
        "sellTo": "PR05",
        "hardwareSKU": 86576188,
        "serial": 483451,
        "receipt": 787479,
        "purchaseDate": "02/02/2014",
        "carepakSKU": 81095509,
        "term": 3,
        "activationCode": "ESPDA85NF",
        "firstName": "Barnes",
        "lastName": "Beard",
        "expDate": "06/08/2018",
        "company": "QUINEX",
        "email": "barnes.beard@quinex.org",
        "phone": "961-546-3057",
        "picture": "<a onclick=\"showReceiptModal()\"><i class=\"icon-receipt\"></i></a>",
        "edit": "<a href=\"#\" onclick=\"showEditCustomerModal(483451, 'Barnes', 'Beard', 'barnes.beard@quinex.org', '961-546-3057')\">EDIT</a>",
        "checked": false
      },
      {
        "sellTo": "PR30",
        "hardwareSKU": 81117597,
        "serial": 195232,
        "receipt": 376167,
        "purchaseDate": "11/28/2014",
        "carepakSKU": 83782672,
        "term": 2,
        "activationCode": "ESPDAR543G",
        "firstName": "Jeanie",
        "lastName": "Hunt",
        "expDate": "06/29/2018",
        "company": "CENTREXIN",
        "email": "jeanie.hunt@centrexin.info",
        "phone": "871-409-2488",
        "picture": "<a onclick=\"showReceiptModal()\"><i class=\"icon-receipt\"></i></a>",
        "edit": "<a href=\"#\" onclick=\"showEditCustomerModal(195232, 'Jeanie', 'Hunt', 'jeanie.hunt@centrexin.info', '871-409-2488')\">EDIT</a>",
        "checked": false
      },
      {
        "sellTo": "PR25",
        "hardwareSKU": 98496309,
        "serial": 464890,
        "receipt": 317061,
        "purchaseDate": "10/23/2017",
        "carepakSKU": 45050559,
        "term": 4,
        "activationCode": "OTHER",
        "firstName": "Joyce",
        "lastName": "Joyner",
        "expDate": "06/06/2018",
        "company": "ZENTIX",
        "email": "joyce.joyner@zentix.io",
        "phone": "911-525-2031",
        "picture": "<a onclick=\"showReceiptModal()\"><i class=\"icon-receipt\"></i></a>",
        "edit": "<a href=\"#\" onclick=\"showEditCustomerModal(464890, 'Joyce', 'Joyner', 'joyce.joyner@zentix.io', '911-525-2031')\">EDIT</a>",
        "checked": false
      },
      {
        "sellTo": "PR35",
        "hardwareSKU": 96258982,
        "serial": 862517,
        "receipt": 784157,
        "purchaseDate": "03/30/2016",
        "carepakSKU": 65415669,
        "term": 9,
        "activationCode": "MSPDA12A",
        "firstName": "Webster",
        "lastName": "Boyle",
        "expDate": "06/21/2018",
        "company": "OZEAN",
        "email": "webster.boyle@ozean.tv",
        "phone": "935-566-2343",
        "picture": "<a onclick=\"showReceiptModal()\"><i class=\"icon-receipt\"></i></a>",
        "edit": "<a href=\"#\" onclick=\"showEditCustomerModal(862517, 'Webster', 'Boyle', 'webster.boyle@ozean.tv', '935-566-2343')\">EDIT</a>",
        "checked": false
      },
      {
        "sellTo": "PR30",
        "hardwareSKU": 61304398,
        "serial": 518931,
        "receipt": 551141,
        "purchaseDate": "12/08/2015",
        "carepakSKU": 7319255,
        "term": 10,
        "activationCode": "MSPDA12A",
        "firstName": "Debora",
        "lastName": "Justice",
        "expDate": "06/09/2018",
        "company": "KRAGGLE",
        "email": "debora.justice@kraggle.biz",
        "phone": "978-509-3131",
        "picture": "<a onclick=\"showReceiptModal()\"><i class=\"icon-receipt\"></i></a>",
        "edit": "<a href=\"#\" onclick=\"showEditCustomerModal(518931, 'Debora', 'Justice', 'debora.justice@kraggle.biz', '978-509-3131')\">EDIT</a>",
        "checked": false
      },
      {
        "sellTo": "PR15",
        "hardwareSKU": 30440958,
        "serial": 149462,
        "receipt": 819516,
        "purchaseDate": "11/25/2017",
        "carepakSKU": 81401228,
        "term": 17,
        "activationCode": "MSPDAR87B",
        "firstName": "Fern",
        "lastName": "Gutierrez",
        "expDate": "06/12/2018",
        "company": "QUALITEX",
        "email": "fern.gutierrez@qualitex.com",
        "phone": "937-595-3493",
        "picture": "<a onclick=\"showReceiptModal()\"><i class=\"icon-receipt\"></i></a>",
        "edit": "<a href=\"#\" onclick=\"showEditCustomerModal(149462, 'Fern', 'Gutierrez', 'fern.gutierrez@qualitex.com', '937-595-3493')\">EDIT</a>",
        "checked": false
      },
      {
        "sellTo": "PR40",
        "hardwareSKU": 28638246,
        "serial": 699461,
        "receipt": 218247,
        "purchaseDate": "04/24/2016",
        "carepakSKU": 63491817,
        "term": 15,
        "activationCode": "MSPDA12A",
        "firstName": "Jayne",
        "lastName": "Bentley",
        "expDate": "06/14/2018",
        "company": "OPTICALL",
        "email": "jayne.bentley@opticall.ca",
        "phone": "923-517-3908",
        "picture": "<a onclick=\"showReceiptModal()\"><i class=\"icon-receipt\"></i></a>",
        "edit": "<a href=\"#\" onclick=\"showEditCustomerModal(699461, 'Jayne', 'Bentley', 'jayne.bentley@opticall.ca', '923-517-3908')\">EDIT</a>",
        "checked": false
      },
      {
        "sellTo": "PR50",
        "hardwareSKU": 89395809,
        "serial": 149737,
        "receipt": 40654,
        "purchaseDate": "03/23/2014",
        "carepakSKU": 12401448,
        "term": 10,
        "activationCode": "ESPDAR543G",
        "firstName": "Ofelia",
        "lastName": "Bullock",
        "expDate": "06/20/2018",
        "company": "PROTODYNE",
        "email": "ofelia.bullock@protodyne.name",
        "phone": "871-451-2775",
        "picture": "<a onclick=\"showReceiptModal()\"><i class=\"icon-receipt\"></i></a>",
        "edit": "<a href=\"#\" onclick=\"showEditCustomerModal(149737, 'Ofelia', 'Bullock', 'ofelia.bullock@protodyne.name', '871-451-2775')\">EDIT</a>",
        "checked": false
      },
      {
        "sellTo": "PR10",
        "hardwareSKU": 779417,
        "serial": 199849,
        "receipt": 710220,
        "purchaseDate": "07/20/2016",
        "carepakSKU": 49251879,
        "term": 14,
        "activationCode": "ESPDA85NF",
        "firstName": "Castaneda",
        "lastName": "Edwards",
        "expDate": "06/13/2018",
        "company": "XLEEN",
        "email": "castaneda.edwards@xleen.biz",
        "phone": "899-424-2329",
        "picture": "<a onclick=\"showReceiptModal()\"><i class=\"icon-receipt\"></i></a>",
        "edit": "<a href=\"#\" onclick=\"showEditCustomerModal(199849, 'Castaneda', 'Edwards', 'castaneda.edwards@xleen.biz', '899-424-2329')\">EDIT</a>",
        "checked": false
      },
      {
        "sellTo": "PR15",
        "hardwareSKU": 17975154,
        "serial": 968837,
        "receipt": 113943,
        "purchaseDate": "01/30/2015",
        "carepakSKU": 70574974,
        "term": 7,
        "activationCode": "OTHER",
        "firstName": "Wanda",
        "lastName": "Stuart",
        "expDate": "06/15/2018",
        "company": "KRAG",
        "email": "wanda.stuart@krag.me",
        "phone": "921-529-2963",
        "picture": "<a onclick=\"showReceiptModal()\"><i class=\"icon-receipt\"></i></a>",
        "edit": "<a href=\"#\" onclick=\"showEditCustomerModal(968837, 'Wanda', 'Stuart', 'wanda.stuart@krag.me', '921-529-2963')\">EDIT</a>",
        "checked": false
      },
      {
        "sellTo": "PR25",
        "hardwareSKU": 54920680,
        "serial": 616890,
        "receipt": 431706,
        "purchaseDate": "03/03/2014",
        "carepakSKU": 70431948,
        "term": 19,
        "activationCode": "MSPDA12A",
        "firstName": "Carson",
        "lastName": "Rogers",
        "expDate": "06/16/2018",
        "company": "TURNLING",
        "email": "carson.rogers@turnling.co.uk",
        "phone": "905-479-2172",
        "picture": "<a onclick=\"showReceiptModal()\"><i class=\"icon-receipt\"></i></a>",
        "edit": "<a href=\"#\" onclick=\"showEditCustomerModal(616890, 'Carson', 'Rogers', 'carson.rogers@turnling.co.uk', '905-479-2172')\">EDIT</a>",
        "checked": false
      },
      {
        "sellTo": "PR55",
        "hardwareSKU": 32833797,
        "serial": 491566,
        "receipt": 675334,
        "purchaseDate": "12/21/2017",
        "carepakSKU": 88538516,
        "term": 7,
        "activationCode": "MSPDA12A",
        "firstName": "Hodges",
        "lastName": "Salinas",
        "expDate": "06/20/2018",
        "company": "ZOMBOID",
        "email": "hodges.salinas@zomboid.us",
        "phone": "896-479-3906",
        "picture": "<a onclick=\"showReceiptModal()\"><i class=\"icon-receipt\"></i></a>",
        "edit": "<a href=\"#\" onclick=\"showEditCustomerModal(491566, 'Hodges', 'Salinas', 'hodges.salinas@zomboid.us', '896-479-3906')\">EDIT</a>",
        "checked": false
      },
      {
        "sellTo": "PR20",
        "hardwareSKU": 30301805,
        "serial": 569288,
        "receipt": 609875,
        "purchaseDate": "03/11/2015",
        "carepakSKU": 30385671,
        "term": 18,
        "activationCode": "MSPDA12A",
        "firstName": "Phillips",
        "lastName": "Booker",
        "expDate": "06/28/2018",
        "company": "TETRATREX",
        "email": "phillips.booker@tetratrex.org",
        "phone": "965-523-3813",
        "picture": "<a onclick=\"showReceiptModal()\"><i class=\"icon-receipt\"></i></a>",
        "edit": "<a href=\"#\" onclick=\"showEditCustomerModal(569288, 'Phillips', 'Booker', 'phillips.booker@tetratrex.org', '965-523-3813')\">EDIT</a>",
        "checked": false
      },
      {
        "sellTo": "PR25",
        "hardwareSKU": 96610396,
        "serial": 347831,
        "receipt": 143638,
        "purchaseDate": "05/01/2017",
        "carepakSKU": 97371186,
        "term": 10,
        "activationCode": "OTHER",
        "firstName": "Mcpherson",
        "lastName": "Simmons",
        "expDate": "06/13/2018",
        "company": "EVENTAGE",
        "email": "mcpherson.simmons@eventage.info",
        "phone": "836-546-2991",
        "picture": "<a onclick=\"showReceiptModal()\"><i class=\"icon-receipt\"></i></a>",
        "edit": "<a href=\"#\" onclick=\"showEditCustomerModal(347831, 'Mcpherson', 'Simmons', 'mcpherson.simmons@eventage.info', '836-546-2991')\">EDIT</a>",
        "checked": false
      },
      {
        "sellTo": "PR25",
        "hardwareSKU": 17280319,
        "serial": 615632,
        "receipt": 542358,
        "purchaseDate": "05/05/2016",
        "carepakSKU": 72961226,
        "term": 2,
        "activationCode": "OTHER",
        "firstName": "Lara",
        "lastName": "Chen",
        "expDate": "06/22/2018",
        "company": "QUILITY",
        "email": "lara.chen@quility.io",
        "phone": "974-522-2605",
        "picture": "<a onclick=\"showReceiptModal()\"><i class=\"icon-receipt\"></i></a>",
        "edit": "<a href=\"#\" onclick=\"showEditCustomerModal(615632, 'Lara', 'Chen', 'lara.chen@quility.io', '974-522-2605')\">EDIT</a>",
        "checked": false
      },
      {
        "sellTo": "PR05",
        "hardwareSKU": 8472023,
        "serial": 100389,
        "receipt": 942558,
        "purchaseDate": "12/31/2015",
        "carepakSKU": 19810966,
        "term": 4,
        "activationCode": "ESPDAR543G",
        "firstName": "Townsend",
        "lastName": "Rosales",
        "expDate": "06/17/2018",
        "company": "ZYPLE",
        "email": "townsend.rosales@zyple.tv",
        "phone": "901-456-3469",
        "picture": "<a onclick=\"showReceiptModal()\"><i class=\"icon-receipt\"></i></a>",
        "edit": "<a href=\"#\" onclick=\"showEditCustomerModal(100389, 'Townsend', 'Rosales', 'townsend.rosales@zyple.tv', '901-456-3469')\">EDIT</a>",
        "checked": false
      },
      {
        "sellTo": "PR55",
        "hardwareSKU": 57985440,
        "serial": 259521,
        "receipt": 663311,
        "purchaseDate": "02/18/2016",
        "carepakSKU": 80731213,
        "term": 1,
        "activationCode": "OTHER",
        "firstName": "Flossie",
        "lastName": "Moss",
        "expDate": "06/14/2018",
        "company": "NETUR",
        "email": "flossie.moss@netur.biz",
        "phone": "851-418-2419",
        "picture": "<a onclick=\"showReceiptModal()\"><i class=\"icon-receipt\"></i></a>",
        "edit": "<a href=\"#\" onclick=\"showEditCustomerModal(259521, 'Flossie', 'Moss', 'flossie.moss@netur.biz', '851-418-2419')\">EDIT</a>",
        "checked": false
      },
      {
        "sellTo": "PR35",
        "hardwareSKU": 93508416,
        "serial": 855270,
        "receipt": 31843,
        "purchaseDate": "10/03/2014",
        "carepakSKU": 98679709,
        "term": 8,
        "activationCode": "MSPDAR87B",
        "firstName": "King",
        "lastName": "Snyder",
        "expDate": "06/22/2018",
        "company": "ZENSURE",
        "email": "king.snyder@zensure.com",
        "phone": "840-516-3329",
        "picture": "<a onclick=\"showReceiptModal()\"><i class=\"icon-receipt\"></i></a>",
        "edit": "<a href=\"#\" onclick=\"showEditCustomerModal(855270, 'King', 'Snyder', 'king.snyder@zensure.com', '840-516-3329')\">EDIT</a>",
        "checked": false
      },
      {
        "sellTo": "PR10",
        "hardwareSKU": 68393185,
        "serial": 991192,
        "receipt": 776544,
        "purchaseDate": "01/27/2015",
        "carepakSKU": 46760404,
        "term": 16,
        "activationCode": "OTHER",
        "firstName": "Ashley",
        "lastName": "Marsh",
        "expDate": "06/22/2018",
        "company": "MELBACOR",
        "email": "ashley.marsh@melbacor.ca",
        "phone": "865-590-2126",
        "picture": "<a onclick=\"showReceiptModal()\"><i class=\"icon-receipt\"></i></a>",
        "edit": "<a href=\"#\" onclick=\"showEditCustomerModal(991192, 'Ashley', 'Marsh', 'ashley.marsh@melbacor.ca', '865-590-2126')\">EDIT</a>",
        "checked": false
      },
      {
        "sellTo": "PR30",
        "hardwareSKU": 12379046,
        "serial": 771839,
        "receipt": 547157,
        "purchaseDate": "08/19/2017",
        "carepakSKU": 49380745,
        "term": 6,
        "activationCode": "OTHER",
        "firstName": "Finley",
        "lastName": "Shelton",
        "expDate": "06/14/2018",
        "company": "NURPLEX",
        "email": "finley.shelton@nurplex.name",
        "phone": "896-520-3656",
        "picture": "<a onclick=\"showReceiptModal()\"><i class=\"icon-receipt\"></i></a>",
        "edit": "<a href=\"#\" onclick=\"showEditCustomerModal(771839, 'Finley', 'Shelton', 'finley.shelton@nurplex.name', '896-520-3656')\">EDIT</a>",
        "checked": false
      },
      {
        "sellTo": "PR30",
        "hardwareSKU": 99579461,
        "serial": 307471,
        "receipt": 549948,
        "purchaseDate": "12/05/2014",
        "carepakSKU": 97385766,
        "term": 4,
        "activationCode": "MSPDA12A",
        "firstName": "Edith",
        "lastName": "Anderson",
        "expDate": "06/24/2018",
        "company": "CODACT",
        "email": "edith.anderson@codact.biz",
        "phone": "864-532-3476",
        "picture": "<a onclick=\"showReceiptModal()\"><i class=\"icon-receipt\"></i></a>",
        "edit": "<a href=\"#\" onclick=\"showEditCustomerModal(307471, 'Edith', 'Anderson', 'edith.anderson@codact.biz', '864-532-3476')\">EDIT</a>",
        "checked": false
      },
      {
        "sellTo": "PR35",
        "hardwareSKU": 52020611,
        "serial": 689762,
        "receipt": 464380,
        "purchaseDate": "04/29/2014",
        "carepakSKU": 31520095,
        "term": 15,
        "activationCode": "MSPDA12A",
        "firstName": "Dominguez",
        "lastName": "Harris",
        "expDate": "06/23/2018",
        "company": "EXTRAGENE",
        "email": "dominguez.harris@extragene.me",
        "phone": "962-541-2856",
        "picture": "<a onclick=\"showReceiptModal()\"><i class=\"icon-receipt\"></i></a>",
        "edit": "<a href=\"#\" onclick=\"showEditCustomerModal(689762, 'Dominguez', 'Harris', 'dominguez.harris@extragene.me', '962-541-2856')\">EDIT</a>",
        "checked": false
      },
      {
        "sellTo": "PR30",
        "hardwareSKU": 24295042,
        "serial": 693127,
        "receipt": 557806,
        "purchaseDate": "05/04/2015",
        "carepakSKU": 49540552,
        "term": 1,
        "activationCode": "MSPDAR87B",
        "firstName": "Alejandra",
        "lastName": "Vazquez",
        "expDate": "06/19/2018",
        "company": "GEEKWAGON",
        "email": "alejandra.vazquez@geekwagon.co.uk",
        "phone": "855-411-3518",
        "picture": "<a onclick=\"showReceiptModal()\"><i class=\"icon-receipt\"></i></a>",
        "edit": "<a href=\"#\" onclick=\"showEditCustomerModal(693127, 'Alejandra', 'Vazquez', 'alejandra.vazquez@geekwagon.co.uk', '855-411-3518')\">EDIT</a>",
        "checked": false
      },
      {
        "sellTo": "PR50",
        "hardwareSKU": 65396076,
        "serial": 138629,
        "receipt": 615694,
        "purchaseDate": "12/31/2016",
        "carepakSKU": 71958909,
        "term": 9,
        "activationCode": "OTHER",
        "firstName": "Lucile",
        "lastName": "Woods",
        "expDate": "06/19/2018",
        "company": "ACCRUEX",
        "email": "lucile.woods@accruex.us",
        "phone": "817-502-3283",
        "picture": "<a onclick=\"showReceiptModal()\"><i class=\"icon-receipt\"></i></a>",
        "edit": "<a href=\"#\" onclick=\"showEditCustomerModal(138629, 'Lucile', 'Woods', 'lucile.woods@accruex.us', '817-502-3283')\">EDIT</a>",
        "checked": false
      },
      {
        "sellTo": "PR05",
        "hardwareSKU": 68036361,
        "serial": 750713,
        "receipt": 25764,
        "purchaseDate": "07/29/2014",
        "carepakSKU": 9063565,
        "term": 9,
        "activationCode": "ESPDAR543G",
        "firstName": "Price",
        "lastName": "Lopez",
        "expDate": "06/25/2018",
        "company": "HOUSEDOWN",
        "email": "price.lopez@housedown.org",
        "phone": "914-599-2174",
        "picture": "<a onclick=\"showReceiptModal()\"><i class=\"icon-receipt\"></i></a>",
        "edit": "<a href=\"#\" onclick=\"showEditCustomerModal(750713, 'Price', 'Lopez', 'price.lopez@housedown.org', '914-599-2174')\">EDIT</a>",
        "checked": false
      },
      {
        "sellTo": "PR20",
        "hardwareSKU": 30250216,
        "serial": 960877,
        "receipt": 306465,
        "purchaseDate": "03/11/2015",
        "carepakSKU": 22704794,
        "term": 6,
        "activationCode": "MSPDA12A",
        "firstName": "Chasity",
        "lastName": "Espinoza",
        "expDate": "06/15/2018",
        "company": "INSECTUS",
        "email": "chasity.espinoza@insectus.info",
        "phone": "896-404-2143",
        "picture": "<a onclick=\"showReceiptModal()\"><i class=\"icon-receipt\"></i></a>",
        "edit": "<a href=\"#\" onclick=\"showEditCustomerModal(960877, 'Chasity', 'Espinoza', 'chasity.espinoza@insectus.info', '896-404-2143')\">EDIT</a>",
        "checked": false
      },
      {
        "sellTo": "PR30",
        "hardwareSKU": 15450170,
        "serial": 709289,
        "receipt": 313654,
        "purchaseDate": "08/08/2017",
        "carepakSKU": 31595096,
        "term": 13,
        "activationCode": "MSPDA12A",
        "firstName": "Petra",
        "lastName": "Petersen",
        "expDate": "06/11/2018",
        "company": "UTARIAN",
        "email": "petra.petersen@utarian.io",
        "phone": "821-445-2327",
        "picture": "<a onclick=\"showReceiptModal()\"><i class=\"icon-receipt\"></i></a>",
        "edit": "<a href=\"#\" onclick=\"showEditCustomerModal(709289, 'Petra', 'Petersen', 'petra.petersen@utarian.io', '821-445-2327')\">EDIT</a>",
        "checked": false
      },
      {
        "sellTo": "PR35",
        "hardwareSKU": 37536550,
        "serial": 933708,
        "receipt": 368436,
        "purchaseDate": "06/01/2018",
        "carepakSKU": 43906297,
        "term": 9,
        "activationCode": "MSPDA12A",
        "firstName": "Suzette",
        "lastName": "Navarro",
        "expDate": "06/25/2018",
        "company": "LOCAZONE",
        "email": "suzette.navarro@locazone.tv",
        "phone": "806-494-3288",
        "picture": "<a onclick=\"showReceiptModal()\"><i class=\"icon-receipt\"></i></a>",
        "edit": "<a href=\"#\" onclick=\"showEditCustomerModal(933708, 'Suzette', 'Navarro', 'suzette.navarro@locazone.tv', '806-494-3288')\">EDIT</a>",
        "checked": false
      },
      {
        "sellTo": "PR45",
        "hardwareSKU": 45992876,
        "serial": 8175,
        "receipt": 719232,
        "purchaseDate": "03/02/2014",
        "carepakSKU": 38929695,
        "term": 21,
        "activationCode": "ESPDA85NF",
        "firstName": "Shaw",
        "lastName": "Meadows",
        "expDate": "06/21/2018",
        "company": "SYNKGEN",
        "email": "shaw.meadows@synkgen.biz",
        "phone": "804-432-3801",
        "picture": "<a onclick=\"showReceiptModal()\"><i class=\"icon-receipt\"></i></a>",
        "edit": "<a href=\"#\" onclick=\"showEditCustomerModal(8175, 'Shaw', 'Meadows', 'shaw.meadows@synkgen.biz', '804-432-3801')\">EDIT</a>",
        "checked": false
      },
      {
        "sellTo": "PR15",
        "hardwareSKU": 43844418,
        "serial": 866809,
        "receipt": 225198,
        "purchaseDate": "10/17/2016",
        "carepakSKU": 96653669,
        "term": 21,
        "activationCode": "ESPDAR543G",
        "firstName": "Maude",
        "lastName": "Mueller",
        "expDate": "06/11/2018",
        "company": "QUAILCOM",
        "email": "maude.mueller@quailcom.com",
        "phone": "814-402-2087",
        "picture": "<a onclick=\"showReceiptModal()\"><i class=\"icon-receipt\"></i></a>",
        "edit": "<a href=\"#\" onclick=\"showEditCustomerModal(866809, 'Maude', 'Mueller', 'maude.mueller@quailcom.com', '814-402-2087')\">EDIT</a>",
        "checked": false
      },
      {
        "sellTo": "PR10",
        "hardwareSKU": 90722811,
        "serial": 305879,
        "receipt": 860948,
        "purchaseDate": "07/03/2014",
        "carepakSKU": 55348663,
        "term": 7,
        "activationCode": "MSPDA12A",
        "firstName": "Cathleen",
        "lastName": "Davidson",
        "expDate": "06/18/2018",
        "company": "AQUASSEUR",
        "email": "cathleen.davidson@aquasseur.ca",
        "phone": "909-475-3922",
        "picture": "<a onclick=\"showReceiptModal()\"><i class=\"icon-receipt\"></i></a>",
        "edit": "<a href=\"#\" onclick=\"showEditCustomerModal(305879, 'Cathleen', 'Davidson', 'cathleen.davidson@aquasseur.ca', '909-475-3922')\">EDIT</a>",
        "checked": false
      },
      {
        "sellTo": "PR10",
        "hardwareSKU": 6700549,
        "serial": 61899,
        "receipt": 360968,
        "purchaseDate": "12/09/2016",
        "carepakSKU": 85093922,
        "term": 15,
        "activationCode": "MSPDAR87B",
        "firstName": "Phoebe",
        "lastName": "Santiago",
        "expDate": "06/22/2018",
        "company": "HELIXO",
        "email": "phoebe.santiago@helixo.name",
        "phone": "924-495-2477",
        "picture": "<a onclick=\"showReceiptModal()\"><i class=\"icon-receipt\"></i></a>",
        "edit": "<a href=\"#\" onclick=\"showEditCustomerModal(61899, 'Phoebe', 'Santiago', 'phoebe.santiago@helixo.name', '924-495-2477')\">EDIT</a>",
        "checked": false
      },
      {
        "sellTo": "PR45",
        "hardwareSKU": 63757393,
        "serial": 733614,
        "receipt": 338450,
        "purchaseDate": "05/26/2014",
        "carepakSKU": 26940791,
        "term": 1,
        "activationCode": "OTHER",
        "firstName": "Stevens",
        "lastName": "Beasley",
        "expDate": "06/07/2018",
        "company": "WATERBABY",
        "email": "stevens.beasley@waterbaby.biz",
        "phone": "826-557-2540",
        "picture": "<a onclick=\"showReceiptModal()\"><i class=\"icon-receipt\"></i></a>",
        "edit": "<a href=\"#\" onclick=\"showEditCustomerModal(733614, 'Stevens', 'Beasley', 'stevens.beasley@waterbaby.biz', '826-557-2540')\">EDIT</a>",
        "checked": false
      },
      {
        "sellTo": "PR35",
        "hardwareSKU": 85222596,
        "serial": 983777,
        "receipt": 252173,
        "purchaseDate": "07/17/2017",
        "carepakSKU": 13660572,
        "term": 16,
        "activationCode": "OTHER",
        "firstName": "Rebekah",
        "lastName": "Fowler",
        "expDate": "06/23/2018",
        "company": "ACRUEX",
        "email": "rebekah.fowler@acruex.me",
        "phone": "978-588-2096",
        "picture": "<a onclick=\"showReceiptModal()\"><i class=\"icon-receipt\"></i></a>",
        "edit": "<a href=\"#\" onclick=\"showEditCustomerModal(983777, 'Rebekah', 'Fowler', 'rebekah.fowler@acruex.me', '978-588-2096')\">EDIT</a>",
        "checked": false
      },
      {
        "sellTo": "PR10",
        "hardwareSKU": 73649487,
        "serial": 935263,
        "receipt": 909589,
        "purchaseDate": "03/22/2017",
        "carepakSKU": 442377,
        "term": 4,
        "activationCode": "MSPDA12A",
        "firstName": "Concepcion",
        "lastName": "Reese",
        "expDate": "06/12/2018",
        "company": "ISOSWITCH",
        "email": "concepcion.reese@isoswitch.co.uk",
        "phone": "920-435-3335",
        "picture": "<a onclick=\"showReceiptModal()\"><i class=\"icon-receipt\"></i></a>",
        "edit": "<a href=\"#\" onclick=\"showEditCustomerModal(935263, 'Concepcion', 'Reese', 'concepcion.reese@isoswitch.co.uk', '920-435-3335')\">EDIT</a>",
        "checked": false
      },
      {
        "sellTo": "PR05",
        "hardwareSKU": 19690654,
        "serial": 64212,
        "receipt": 206809,
        "purchaseDate": "06/22/2016",
        "carepakSKU": 49155891,
        "term": 19,
        "activationCode": "ESPDA85NF",
        "firstName": "Oconnor",
        "lastName": "Jacobson",
        "expDate": "06/14/2018",
        "company": "GEEKFARM",
        "email": "oconnor.jacobson@geekfarm.us",
        "phone": "993-541-3609",
        "picture": "<a onclick=\"showReceiptModal()\"><i class=\"icon-receipt\"></i></a>",
        "edit": "<a href=\"#\" onclick=\"showEditCustomerModal(64212, 'Oconnor', 'Jacobson', 'oconnor.jacobson@geekfarm.us', '993-541-3609')\">EDIT</a>",
        "checked": false
      },
      {
        "sellTo": "PR10",
        "hardwareSKU": 40648533,
        "serial": 871856,
        "receipt": 717838,
        "purchaseDate": "10/25/2017",
        "carepakSKU": 48374312,
        "term": 0,
        "activationCode": "MSPDAR87B",
        "firstName": "Saundra",
        "lastName": "Miller",
        "expDate": "06/09/2018",
        "company": "BARKARAMA",
        "email": "saundra.miller@barkarama.org",
        "phone": "953-401-2006",
        "picture": "<a onclick=\"showReceiptModal()\"><i class=\"icon-receipt\"></i></a>",
        "edit": "<a href=\"#\" onclick=\"showEditCustomerModal(871856, 'Saundra', 'Miller', 'saundra.miller@barkarama.org', '953-401-2006')\">EDIT</a>",
        "checked": false
      },
      {
        "sellTo": "PR25",
        "hardwareSKU": 13095467,
        "serial": 620721,
        "receipt": 400603,
        "purchaseDate": "11/25/2017",
        "carepakSKU": 74886366,
        "term": 8,
        "activationCode": "MSPDAR87B",
        "firstName": "Mariana",
        "lastName": "Morgan",
        "expDate": "06/22/2018",
        "company": "CORPORANA",
        "email": "mariana.morgan@corporana.info",
        "phone": "975-498-2880",
        "picture": "<a onclick=\"showReceiptModal()\"><i class=\"icon-receipt\"></i></a>",
        "edit": "<a href=\"#\" onclick=\"showEditCustomerModal(620721, 'Mariana', 'Morgan', 'mariana.morgan@corporana.info', '975-498-2880')\">EDIT</a>",
        "checked": false
      },
      {
        "sellTo": "PR30",
        "hardwareSKU": 55487960,
        "serial": 889713,
        "receipt": 826758,
        "purchaseDate": "12/30/2015",
        "carepakSKU": 53831495,
        "term": 9,
        "activationCode": "MSPDA12A",
        "firstName": "Rodriguez",
        "lastName": "Cleveland",
        "expDate": "06/16/2018",
        "company": "BLEEKO",
        "email": "rodriguez.cleveland@bleeko.io",
        "phone": "964-515-2556",
        "picture": "<a onclick=\"showReceiptModal()\"><i class=\"icon-receipt\"></i></a>",
        "edit": "<a href=\"#\" onclick=\"showEditCustomerModal(889713, 'Rodriguez', 'Cleveland', 'rodriguez.cleveland@bleeko.io', '964-515-2556')\">EDIT</a>",
        "checked": false
      },
      {
        "sellTo": "PR45",
        "hardwareSKU": 21967621,
        "serial": 460812,
        "receipt": 514815,
        "purchaseDate": "04/13/2017",
        "carepakSKU": 82661856,
        "term": 8,
        "activationCode": "MSPDAR87B",
        "firstName": "Erma",
        "lastName": "James",
        "expDate": "06/17/2018",
        "company": "EXTRO",
        "email": "erma.james@extro.tv",
        "phone": "984-563-2903",
        "picture": "<a onclick=\"showReceiptModal()\"><i class=\"icon-receipt\"></i></a>",
        "edit": "<a href=\"#\" onclick=\"showEditCustomerModal(460812, 'Erma', 'James', 'erma.james@extro.tv', '984-563-2903')\">EDIT</a>",
        "checked": false
      },
      {
        "sellTo": "PR40",
        "hardwareSKU": 74150687,
        "serial": 669075,
        "receipt": 342250,
        "purchaseDate": "10/21/2014",
        "carepakSKU": 15200487,
        "term": 5,
        "activationCode": "MSPDAR87B",
        "firstName": "Velma",
        "lastName": "Rush",
        "expDate": "06/08/2018",
        "company": "MARTGO",
        "email": "velma.rush@martgo.biz",
        "phone": "974-504-2735",
        "picture": "<a onclick=\"showReceiptModal()\"><i class=\"icon-receipt\"></i></a>",
        "edit": "<a href=\"#\" onclick=\"showEditCustomerModal(669075, 'Velma', 'Rush', 'velma.rush@martgo.biz', '974-504-2735')\">EDIT</a>",
        "checked": false
      },
      {
        "sellTo": "PR15",
        "hardwareSKU": 28208713,
        "serial": 989122,
        "receipt": 137275,
        "purchaseDate": "01/12/2016",
        "carepakSKU": 60286769,
        "term": 11,
        "activationCode": "ESPDA85NF",
        "firstName": "Consuelo",
        "lastName": "Houston",
        "expDate": "06/07/2018",
        "company": "GAZAK",
        "email": "consuelo.houston@gazak.com",
        "phone": "846-409-3540",
        "picture": "<a onclick=\"showReceiptModal()\"><i class=\"icon-receipt\"></i></a>",
        "edit": "<a href=\"#\" onclick=\"showEditCustomerModal(989122, 'Consuelo', 'Houston', 'consuelo.houston@gazak.com', '846-409-3540')\">EDIT</a>",
        "checked": false
      },
      {
        "sellTo": "PR15",
        "hardwareSKU": 14227328,
        "serial": 382431,
        "receipt": 158382,
        "purchaseDate": "10/01/2017",
        "carepakSKU": 52547333,
        "term": 5,
        "activationCode": "ESPDAR543G",
        "firstName": "Ellen",
        "lastName": "Sawyer",
        "expDate": "06/19/2018",
        "company": "SPACEWAX",
        "email": "ellen.sawyer@spacewax.ca",
        "phone": "977-600-3164",
        "picture": "<a onclick=\"showReceiptModal()\"><i class=\"icon-receipt\"></i></a>",
        "edit": "<a href=\"#\" onclick=\"showEditCustomerModal(382431, 'Ellen', 'Sawyer', 'ellen.sawyer@spacewax.ca', '977-600-3164')\">EDIT</a>",
        "checked": false
      },
      {
        "sellTo": "PR25",
        "hardwareSKU": 15392129,
        "serial": 810924,
        "receipt": 429009,
        "purchaseDate": "12/24/2015",
        "carepakSKU": 50549250,
        "term": 14,
        "activationCode": "MSPDA12A",
        "firstName": "Parrish",
        "lastName": "Pope",
        "expDate": "06/29/2018",
        "company": "EARTHMARK",
        "email": "parrish.pope@earthmark.name",
        "phone": "802-499-3745",
        "picture": "<a onclick=\"showReceiptModal()\"><i class=\"icon-receipt\"></i></a>",
        "edit": "<a href=\"#\" onclick=\"showEditCustomerModal(810924, 'Parrish', 'Pope', 'parrish.pope@earthmark.name', '802-499-3745')\">EDIT</a>",
        "checked": false
      },
      {
        "sellTo": "PR10",
        "hardwareSKU": 47438338,
        "serial": 337814,
        "receipt": 624830,
        "purchaseDate": "11/07/2014",
        "carepakSKU": 37247780,
        "term": 21,
        "activationCode": "MSPDA12A",
        "firstName": "Lindsey",
        "lastName": "Christensen",
        "expDate": "06/24/2018",
        "company": "REPETWIRE",
        "email": "lindsey.christensen@repetwire.biz",
        "phone": "831-443-3833",
        "picture": "<a onclick=\"showReceiptModal()\"><i class=\"icon-receipt\"></i></a>",
        "edit": "<a href=\"#\" onclick=\"showEditCustomerModal(337814, 'Lindsey', 'Christensen', 'lindsey.christensen@repetwire.biz', '831-443-3833')\">EDIT</a>",
        "checked": false
      },
      {
        "sellTo": "PR05",
        "hardwareSKU": 79112144,
        "serial": 88514,
        "receipt": 798621,
        "purchaseDate": "09/06/2016",
        "carepakSKU": 63118828,
        "term": 11,
        "activationCode": "MSPDAR87B",
        "firstName": "Freida",
        "lastName": "Haley",
        "expDate": "06/22/2018",
        "company": "FURNITECH",
        "email": "freida.haley@furnitech.me",
        "phone": "858-450-3386",
        "picture": "<a onclick=\"showReceiptModal()\"><i class=\"icon-receipt\"></i></a>",
        "edit": "<a href=\"#\" onclick=\"showEditCustomerModal(88514, 'Freida', 'Haley', 'freida.haley@furnitech.me', '858-450-3386')\">EDIT</a>",
        "checked": false
      },
      {
        "sellTo": "PR40",
        "hardwareSKU": 90568172,
        "serial": 638076,
        "receipt": 677389,
        "purchaseDate": "03/07/2017",
        "carepakSKU": 1564815,
        "term": 12,
        "activationCode": "MSPDA12A",
        "firstName": "Natalie",
        "lastName": "Fry",
        "expDate": "06/22/2018",
        "company": "PULZE",
        "email": "natalie.fry@pulze.co.uk",
        "phone": "826-571-2081",
        "picture": "<a onclick=\"showReceiptModal()\"><i class=\"icon-receipt\"></i></a>",
        "edit": "<a href=\"#\" onclick=\"showEditCustomerModal(638076, 'Natalie', 'Fry', 'natalie.fry@pulze.co.uk', '826-571-2081')\">EDIT</a>",
        "checked": false
      },
      {
        "sellTo": "PR15",
        "hardwareSKU": 63515062,
        "serial": 396413,
        "receipt": 401574,
        "purchaseDate": "01/27/2014",
        "carepakSKU": 3892917,
        "term": 17,
        "activationCode": "ESPDAR543G",
        "firstName": "Emilia",
        "lastName": "Franks",
        "expDate": "06/17/2018",
        "company": "ZORROMOP",
        "email": "emilia.franks@zorromop.us",
        "phone": "991-558-3660",
        "picture": "<a onclick=\"showReceiptModal()\"><i class=\"icon-receipt\"></i></a>",
        "edit": "<a href=\"#\" onclick=\"showEditCustomerModal(396413, 'Emilia', 'Franks', 'emilia.franks@zorromop.us', '991-558-3660')\">EDIT</a>",
        "checked": false
      },
      {
        "sellTo": "PR30",
        "hardwareSKU": 29312186,
        "serial": 172482,
        "receipt": 289253,
        "purchaseDate": "12/16/2016",
        "carepakSKU": 53231993,
        "term": 14,
        "activationCode": "ESPDAR543G",
        "firstName": "Louella",
        "lastName": "Hancock",
        "expDate": "06/16/2018",
        "company": "ZAYA",
        "email": "louella.hancock@zaya.org",
        "phone": "922-593-2284",
        "picture": "<a onclick=\"showReceiptModal()\"><i class=\"icon-receipt\"></i></a>",
        "edit": "<a href=\"#\" onclick=\"showEditCustomerModal(172482, 'Louella', 'Hancock', 'louella.hancock@zaya.org', '922-593-2284')\">EDIT</a>",
        "checked": false
      },
      {
        "sellTo": "PR45",
        "hardwareSKU": 33965305,
        "serial": 628187,
        "receipt": 93995,
        "purchaseDate": "02/18/2017",
        "carepakSKU": 29989776,
        "term": 4,
        "activationCode": "OTHER",
        "firstName": "English",
        "lastName": "Parsons",
        "expDate": "06/11/2018",
        "company": "ANACHO",
        "email": "english.parsons@anacho.info",
        "phone": "960-564-2238",
        "picture": "<a onclick=\"showReceiptModal()\"><i class=\"icon-receipt\"></i></a>",
        "edit": "<a href=\"#\" onclick=\"showEditCustomerModal(628187, 'English', 'Parsons', 'english.parsons@anacho.info', '960-564-2238')\">EDIT</a>",
        "checked": false
      },
      {
        "sellTo": "PR10",
        "hardwareSKU": 33084072,
        "serial": 995208,
        "receipt": 963139,
        "purchaseDate": "07/01/2015",
        "carepakSKU": 7467291,
        "term": 7,
        "activationCode": "MSPDA12A",
        "firstName": "Gabrielle",
        "lastName": "Chaney",
        "expDate": "06/11/2018",
        "company": "GRAINSPOT",
        "email": "gabrielle.chaney@grainspot.io",
        "phone": "839-541-2536",
        "picture": "<a onclick=\"showReceiptModal()\"><i class=\"icon-receipt\"></i></a>",
        "edit": "<a href=\"#\" onclick=\"showEditCustomerModal(995208, 'Gabrielle', 'Chaney', 'gabrielle.chaney@grainspot.io', '839-541-2536')\">EDIT</a>",
        "checked": false
      },
      {
        "sellTo": "PR55",
        "hardwareSKU": 67076934,
        "serial": 227644,
        "receipt": 696054,
        "purchaseDate": "03/22/2017",
        "carepakSKU": 24398246,
        "term": 1,
        "activationCode": "MSPDAR87B",
        "firstName": "Lakeisha",
        "lastName": "Welch",
        "expDate": "06/12/2018",
        "company": "GRACKER",
        "email": "lakeisha.welch@gracker.tv",
        "phone": "843-455-3482",
        "picture": "<a onclick=\"showReceiptModal()\"><i class=\"icon-receipt\"></i></a>",
        "edit": "<a href=\"#\" onclick=\"showEditCustomerModal(227644, 'Lakeisha', 'Welch', 'lakeisha.welch@gracker.tv', '843-455-3482')\">EDIT</a>",
        "checked": false
      },
      {
        "sellTo": "PR20",
        "hardwareSKU": 70339327,
        "serial": 790449,
        "receipt": 594051,
        "purchaseDate": "08/21/2017",
        "carepakSKU": 42899455,
        "term": 20,
        "activationCode": "MSPDAR87B",
        "firstName": "Vickie",
        "lastName": "Hoffman",
        "expDate": "06/20/2018",
        "company": "COMTENT",
        "email": "vickie.hoffman@comtent.biz",
        "phone": "992-476-3090",
        "picture": "<a onclick=\"showReceiptModal()\"><i class=\"icon-receipt\"></i></a>",
        "edit": "<a href=\"#\" onclick=\"showEditCustomerModal(790449, 'Vickie', 'Hoffman', 'vickie.hoffman@comtent.biz', '992-476-3090')\">EDIT</a>",
        "checked": false
      },
      {
        "sellTo": "PR45",
        "hardwareSKU": 15983452,
        "serial": 568324,
        "receipt": 428159,
        "purchaseDate": "11/30/2015",
        "carepakSKU": 37158867,
        "term": 10,
        "activationCode": "OTHER",
        "firstName": "Morgan",
        "lastName": "Shepherd",
        "expDate": "06/25/2018",
        "company": "MULTRON",
        "email": "morgan.shepherd@multron.com",
        "phone": "978-439-2952",
        "picture": "<a onclick=\"showReceiptModal()\"><i class=\"icon-receipt\"></i></a>",
        "edit": "<a href=\"#\" onclick=\"showEditCustomerModal(568324, 'Morgan', 'Shepherd', 'morgan.shepherd@multron.com', '978-439-2952')\">EDIT</a>",
        "checked": false
      },
      {
        "sellTo": "PR10",
        "hardwareSKU": 90566596,
        "serial": 675868,
        "receipt": 458378,
        "purchaseDate": "03/02/2015",
        "carepakSKU": 40553388,
        "term": 2,
        "activationCode": "MSPDAR87B",
        "firstName": "Ingram",
        "lastName": "Lewis",
        "expDate": "06/12/2018",
        "company": "BIOHAB",
        "email": "ingram.lewis@biohab.ca",
        "phone": "887-477-3605",
        "picture": "<a onclick=\"showReceiptModal()\"><i class=\"icon-receipt\"></i></a>",
        "edit": "<a href=\"#\" onclick=\"showEditCustomerModal(675868, 'Ingram', 'Lewis', 'ingram.lewis@biohab.ca', '887-477-3605')\">EDIT</a>",
        "checked": false
      },
      {
        "sellTo": "PR10",
        "hardwareSKU": 6546100,
        "serial": 286830,
        "receipt": 596788,
        "purchaseDate": "10/12/2017",
        "carepakSKU": 16480644,
        "term": 21,
        "activationCode": "MSPDA12A",
        "firstName": "Luella",
        "lastName": "Weeks",
        "expDate": "06/24/2018",
        "company": "NIXELT",
        "email": "luella.weeks@nixelt.name",
        "phone": "921-569-3337",
        "picture": "<a onclick=\"showReceiptModal()\"><i class=\"icon-receipt\"></i></a>",
        "edit": "<a href=\"#\" onclick=\"showEditCustomerModal(286830, 'Luella', 'Weeks', 'luella.weeks@nixelt.name', '921-569-3337')\">EDIT</a>",
        "checked": false
      },
      {
        "sellTo": "PR20",
        "hardwareSKU": 13513833,
        "serial": 57898,
        "receipt": 15313,
        "purchaseDate": "04/07/2015",
        "carepakSKU": 74071949,
        "term": 3,
        "activationCode": "ESPDAR543G",
        "firstName": "Prince",
        "lastName": "Cotton",
        "expDate": "06/25/2018",
        "company": "ZILIDIUM",
        "email": "prince.cotton@zilidium.biz",
        "phone": "886-464-2068",
        "picture": "<a onclick=\"showReceiptModal()\"><i class=\"icon-receipt\"></i></a>",
        "edit": "<a href=\"#\" onclick=\"showEditCustomerModal(57898, 'Prince', 'Cotton', 'prince.cotton@zilidium.biz', '886-464-2068')\">EDIT</a>",
        "checked": false
      },
      {
        "sellTo": "PR25",
        "hardwareSKU": 20740426,
        "serial": 595283,
        "receipt": 500570,
        "purchaseDate": "10/12/2014",
        "carepakSKU": 46709559,
        "term": 16,
        "activationCode": "MSPDAR87B",
        "firstName": "Mccormick",
        "lastName": "Woodward",
        "expDate": "06/26/2018",
        "company": "ILLUMITY",
        "email": "mccormick.woodward@illumity.me",
        "phone": "962-565-2539",
        "picture": "<a onclick=\"showReceiptModal()\"><i class=\"icon-receipt\"></i></a>",
        "edit": "<a href=\"#\" onclick=\"showEditCustomerModal(595283, 'Mccormick', 'Woodward', 'mccormick.woodward@illumity.me', '962-565-2539')\">EDIT</a>",
        "checked": false
      },
      {
        "sellTo": "PR25",
        "hardwareSKU": 32174036,
        "serial": 954501,
        "receipt": 220213,
        "purchaseDate": "09/29/2017",
        "carepakSKU": 32946803,
        "term": 1,
        "activationCode": "OTHER",
        "firstName": "Debra",
        "lastName": "Curtis",
        "expDate": "06/08/2018",
        "company": "INEAR",
        "email": "debra.curtis@inear.co.uk",
        "phone": "823-427-3025",
        "picture": "<a onclick=\"showReceiptModal()\"><i class=\"icon-receipt\"></i></a>",
        "edit": "<a href=\"#\" onclick=\"showEditCustomerModal(954501, 'Debra', 'Curtis', 'debra.curtis@inear.co.uk', '823-427-3025')\">EDIT</a>",
        "checked": false
      },
      {
        "sellTo": "PR05",
        "hardwareSKU": 2419679,
        "serial": 614609,
        "receipt": 1817,
        "purchaseDate": "04/12/2014",
        "carepakSKU": 44004373,
        "term": 0,
        "activationCode": "ESPDAR543G",
        "firstName": "Dickerson",
        "lastName": "Mcdaniel",
        "expDate": "06/15/2018",
        "company": "ENTHAZE",
        "email": "dickerson.mcdaniel@enthaze.us",
        "phone": "847-474-2160",
        "picture": "<a onclick=\"showReceiptModal()\"><i class=\"icon-receipt\"></i></a>",
        "edit": "<a href=\"#\" onclick=\"showEditCustomerModal(614609, 'Dickerson', 'Mcdaniel', 'dickerson.mcdaniel@enthaze.us', '847-474-2160')\">EDIT</a>",
        "checked": false
      }
    ]
  }