{
    "data": [
      {
        "carePakType": "CarePAK Plus",
        "carePakSku": 2807655062,
        "carePakSkuName": "CPPBINO_9836",
        "order": 0,
        "productGroup": "Printer",
        "productCode": "MD",
        "level2Code": "C5",
        "dataRecovery": false,
        "prefix": "MSPDA",
        "term": 60,
        "startDate": 18,
        "edit": "<a href=\"#\" onclick=\"showEditSkuModal('CarePAK Plus', 2807655062, 'CPPBINO_9836', 'Printer', 'MD', 'C5', false, 'MSPDA', 60, 18)\">EDIT</a>"
      },
      {
        "carePakType": "CarePAK Plus",
        "carePakSku": 3259576824,
        "carePakSkuName": "CRRLINO_0504",
        "order": 0,
        "productGroup": "Medical",
        "productCode": "AL",
        "level2Code": "B3",
        "dataRecovery": false,
        "prefix": "MSPDA",
        "term": 49,
        "startDate": 84,
        "edit": "<a href=\"#\" onclick=\"showEditSkuModal('CarePAK Plus', 3259576824, 'CRRLINO_0504', 'Medical', 'AL', 'B3', false, 'MSPDA', 49, 84)\">EDIT</a>"
      },
      {
        "carePakType": "CarePAK Plus",
        "carePakSku": 2627136361,
        "carePakSkuName": "CPPBINO_29845",
        "order": 0,
        "productGroup": "Printer",
        "productCode": "MD",
        "level2Code": "A2",
        "dataRecovery": false,
        "prefix": "ESPDAR",
        "term": 48,
        "startDate": 87,
        "edit": "<a href=\"#\" onclick=\"showEditSkuModal('CarePAK Plus', 2627136361, 'CPPBINO_29845', 'Printer', 'MD', 'A2', false, 'ESPDAR', 48, 87)\">EDIT</a>"
      },
      {
        "carePakType": "CarePAK Plus",
        "carePakSku": 1987356559,
        "carePakSkuName": "CRRLINO_0504",
        "order": 0,
        "productGroup": "Boniculars",
        "productCode": "AL",
        "level2Code": "C5",
        "dataRecovery": true,
        "prefix": "ESPDAR",
        "term": 37,
        "startDate": 82,
        "edit": "<a href=\"#\" onclick=\"showEditSkuModal('CarePAK Plus', 1987356559, 'CRRLINO_0504', 'Boniculars', 'AL', 'C5', true, 'ESPDAR', 37, 82)\">EDIT</a>"
      },
      {
        "carePakType": "CarePAK Plus",
        "carePakSku": 8124655487,
        "carePakSkuName": "CPPBINO_0504",
        "order": 0,
        "productGroup": "Film",
        "productCode": "BN",
        "level2Code": "C5",
        "dataRecovery": false,
        "prefix": "MSPDAR",
        "term": 36,
        "startDate": 26,
        "edit": "<a href=\"#\" onclick=\"showEditSkuModal('CarePAK Plus', 8124655487, 'CPPBINO_0504', 'Film', 'BN', 'C5', false, 'MSPDAR', 36, 26)\">EDIT</a>"
      },
      {
        "carePakType": "CarePAK Plus",
        "carePakSku": 2946838451,
        "carePakSkuName": "CRRLINO_0504",
        "order": 0,
        "productGroup": "Film",
        "productCode": "BN",
        "level2Code": "A9",
        "dataRecovery": true,
        "prefix": "MSPDA",
        "term": 37,
        "startDate": 82,
        "edit": "<a href=\"#\" onclick=\"showEditSkuModal('CarePAK Plus', 2946838451, 'CRRLINO_0504', 'Film', 'BN', 'A9', true, 'MSPDA', 37, 82)\">EDIT</a>"
      },
      {
        "carePakType": "CarePAK Plus",
        "carePakSku": 3602444843,
        "carePakSkuName": "CPPBINO_9836",
        "order": 0,
        "productGroup": "Film",
        "productCode": "CM",
        "level2Code": "A2",
        "dataRecovery": false,
        "prefix": "MSPDAR",
        "term": 49,
        "startDate": 2,
        "edit": "<a href=\"#\" onclick=\"showEditSkuModal('CarePAK Plus', 3602444843, 'CPPBINO_9836', 'Film', 'CM', 'A2', false, 'MSPDAR', 49, 2)\">EDIT</a>"
      },
      {
        "carePakType": "CarePAK Plus",
        "carePakSku": 8425221149,
        "carePakSkuName": "CPPBINO_9836",
        "order": 0,
        "productGroup": "Medical",
        "productCode": "CM",
        "level2Code": "B3",
        "dataRecovery": true,
        "prefix": "MSPDA",
        "term": 36,
        "startDate": 16,
        "edit": "<a href=\"#\" onclick=\"showEditSkuModal('CarePAK Plus', 8425221149, 'CPPBINO_9836', 'Medical', 'CM', 'B3', true, 'MSPDA', 36, 16)\">EDIT</a>"
      },
      {
        "carePakType": "CarePAK Plus",
        "carePakSku": 6432813147,
        "carePakSkuName": "CPPBINO_29845",
        "order": 0,
        "productGroup": "Medical",
        "productCode": "AL",
        "level2Code": "A9",
        "dataRecovery": true,
        "prefix": "MSPDA",
        "term": 13,
        "startDate": 13,
        "edit": "<a href=\"#\" onclick=\"showEditSkuModal('CarePAK Plus', 6432813147, 'CPPBINO_29845', 'Medical', 'AL', 'A9', true, 'MSPDA', 13, 13)\">EDIT</a>"
      },
      {
        "carePakType": "CarePAK Plus",
        "carePakSku": 5878025120,
        "carePakSkuName": "CPPBINO_9836",
        "order": 0,
        "productGroup": "Boniculars",
        "productCode": "TS",
        "level2Code": "C5",
        "dataRecovery": false,
        "prefix": "MSPDAR",
        "term": 60,
        "startDate": 59,
        "edit": "<a href=\"#\" onclick=\"showEditSkuModal('CarePAK Plus', 5878025120, 'CPPBINO_9836', 'Boniculars', 'TS', 'C5', false, 'MSPDAR', 60, 59)\">EDIT</a>"
      },
      {
        "carePakType": "CarePAK Plus",
        "carePakSku": 1845259302,
        "carePakSkuName": "CPPBINO_29845",
        "order": 0,
        "productGroup": "Boniculars",
        "productCode": "AL",
        "level2Code": "C5",
        "dataRecovery": true,
        "prefix": "OTHER",
        "term": 36,
        "startDate": 36,
        "edit": "<a href=\"#\" onclick=\"showEditSkuModal('CarePAK Plus', 1845259302, 'CPPBINO_29845', 'Boniculars', 'AL', 'C5', true, 'OTHER', 36, 36)\">EDIT</a>"
      },
      {
        "carePakType": "CarePAK Plus",
        "carePakSku": 9085432483,
        "carePakSkuName": "CPPBINO_2894",
        "order": 0,
        "productGroup": "Camera",
        "productCode": "MD",
        "level2Code": "C5",
        "dataRecovery": false,
        "prefix": "OTHER",
        "term": 49,
        "startDate": 38,
        "edit": "<a href=\"#\" onclick=\"showEditSkuModal('CarePAK Plus', 9085432483, 'CPPBINO_2894', 'Camera', 'MD', 'C5', false, 'OTHER', 49, 38)\">EDIT</a>"
      },
      {
        "carePakType": "CarePAK Plus",
        "carePakSku": 1161956806,
        "carePakSkuName": "CRRLINO_0504",
        "order": 0,
        "productGroup": "Camera",
        "productCode": "MD",
        "level2Code": "A9",
        "dataRecovery": true,
        "prefix": "MSPDAR",
        "term": 48,
        "startDate": 11,
        "edit": "<a href=\"#\" onclick=\"showEditSkuModal('CarePAK Plus', 1161956806, 'CRRLINO_0504', 'Camera', 'MD', 'A9', true, 'MSPDAR', 48, 11)\">EDIT</a>"
      },
      {
        "carePakType": "CarePAK Plus",
        "carePakSku": 9533741423,
        "carePakSkuName": "CPPBINO_9836",
        "order": 0,
        "productGroup": "Medical",
        "productCode": "AL",
        "level2Code": "C5",
        "dataRecovery": false,
        "prefix": "ESPDA",
        "term": 24,
        "startDate": 24,
        "edit": "<a href=\"#\" onclick=\"showEditSkuModal('CarePAK Plus', 9533741423, 'CPPBINO_9836', 'Medical', 'AL', 'C5', false, 'ESPDA', 24, 24)\">EDIT</a>"
      },
      {
        "carePakType": "CarePAK Plus",
        "carePakSku": 6910263520,
        "carePakSkuName": "CPPBINO_2894",
        "order": 0,
        "productGroup": "Printer",
        "productCode": "CM",
        "level2Code": "B3",
        "dataRecovery": true,
        "prefix": "ESPDA",
        "term": 60,
        "startDate": 39,
        "edit": "<a href=\"#\" onclick=\"showEditSkuModal('CarePAK Plus', 6910263520, 'CPPBINO_2894', 'Printer', 'CM', 'B3', true, 'ESPDA', 60, 39)\">EDIT</a>"
      },
      {
        "carePakType": "CarePAK Plus",
        "carePakSku": 7520116992,
        "carePakSkuName": "CPPBINO_9836",
        "order": 0,
        "productGroup": "Camera",
        "productCode": "BN",
        "level2Code": "A9",
        "dataRecovery": false,
        "prefix": "OTHER",
        "term": 36,
        "startDate": 74,
        "edit": "<a href=\"#\" onclick=\"showEditSkuModal('CarePAK Plus', 7520116992, 'CPPBINO_9836', 'Camera', 'BN', 'A9', false, 'OTHER', 36, 74)\">EDIT</a>"
      },
      {
        "carePakType": "CarePAK Plus",
        "carePakSku": 1831299081,
        "carePakSkuName": "CPPBINO_9836",
        "order": 0,
        "productGroup": "Boniculars",
        "productCode": "MD",
        "level2Code": "A2",
        "dataRecovery": false,
        "prefix": "ESPDA",
        "term": 37,
        "startDate": 18,
        "edit": "<a href=\"#\" onclick=\"showEditSkuModal('CarePAK Plus', 1831299081, 'CPPBINO_9836', 'Boniculars', 'MD', 'A2', false, 'ESPDA', 37, 18)\">EDIT</a>"
      },
      {
        "carePakType": "CarePAK Plus",
        "carePakSku": 9201169449,
        "carePakSkuName": "CPPBINO_9836",
        "order": 0,
        "productGroup": "Printer",
        "productCode": "AL",
        "level2Code": "B3",
        "dataRecovery": false,
        "prefix": "MSPDA",
        "term": 24,
        "startDate": 43,
        "edit": "<a href=\"#\" onclick=\"showEditSkuModal('CarePAK Plus', 9201169449, 'CPPBINO_9836', 'Printer', 'AL', 'B3', false, 'MSPDA', 24, 43)\">EDIT</a>"
      },
      {
        "carePakType": "CarePAK Plus",
        "carePakSku": 5481346272,
        "carePakSkuName": "CPPBINO_9836",
        "order": 0,
        "productGroup": "Film",
        "productCode": "AL",
        "level2Code": "B3",
        "dataRecovery": false,
        "prefix": "MSPDA",
        "term": 24,
        "startDate": 43,
        "edit": "<a href=\"#\" onclick=\"showEditSkuModal('CarePAK Plus', 5481346272, 'CPPBINO_9836', 'Film', 'AL', 'B3', false, 'MSPDA', 24, 43)\">EDIT</a>"
      },
      {
        "carePakType": "CarePAK Plus",
        "carePakSku": 1853472878,
        "carePakSkuName": "CPPBINO_0504",
        "order": 0,
        "productGroup": "Medical",
        "productCode": "BN",
        "level2Code": "A9",
        "dataRecovery": false,
        "prefix": "ESPDAR",
        "term": 48,
        "startDate": 89,
        "edit": "<a href=\"#\" onclick=\"showEditSkuModal('CarePAK Plus', 1853472878, 'CPPBINO_0504', 'Medical', 'BN', 'A9', false, 'ESPDAR', 48, 89)\">EDIT</a>"
      },
      {
        "carePakType": "CarePAK Plus",
        "carePakSku": 9777924920,
        "carePakSkuName": "CPPBINO_9836",
        "order": 0,
        "productGroup": "Film",
        "productCode": "CM",
        "level2Code": "A2",
        "dataRecovery": true,
        "prefix": "ESPDA",
        "term": 36,
        "startDate": 76,
        "edit": "<a href=\"#\" onclick=\"showEditSkuModal('CarePAK Plus', 9777924920, 'CPPBINO_9836', 'Film', 'CM', 'A2', true, 'ESPDA', 36, 76)\">EDIT</a>"
      },
      {
        "carePakType": "CarePAK Plus",
        "carePakSku": 9237391044,
        "carePakSkuName": "CPPBINO_9836",
        "order": 0,
        "productGroup": "Film",
        "productCode": "TS",
        "level2Code": "A2",
        "dataRecovery": false,
        "prefix": "OTHER",
        "term": 60,
        "startDate": 63,
        "edit": "<a href=\"#\" onclick=\"showEditSkuModal('CarePAK Plus', 9237391044, 'CPPBINO_9836', 'Film', 'TS', 'A2', false, 'OTHER', 60, 63)\">EDIT</a>"
      },
      {
        "carePakType": "CarePAK Plus",
        "carePakSku": 5759335354,
        "carePakSkuName": "CRRLINO_0504",
        "order": 0,
        "productGroup": "Boniculars",
        "productCode": "AL",
        "level2Code": "C5",
        "dataRecovery": false,
        "prefix": "MSPDA",
        "term": 13,
        "startDate": 19,
        "edit": "<a href=\"#\" onclick=\"showEditSkuModal('CarePAK Plus', 5759335354, 'CRRLINO_0504', 'Boniculars', 'AL', 'C5', false, 'MSPDA', 13, 19)\">EDIT</a>"
      },
      {
        "carePakType": "CarePAK Plus",
        "carePakSku": 5422345088,
        "carePakSkuName": "CPPBINO_29845",
        "order": 0,
        "productGroup": "Printer",
        "productCode": "CM",
        "level2Code": "A2",
        "dataRecovery": false,
        "prefix": "MSPDA",
        "term": 48,
        "startDate": 60,
        "edit": "<a href=\"#\" onclick=\"showEditSkuModal('CarePAK Plus', 5422345088, 'CPPBINO_29845', 'Printer', 'CM', 'A2', false, 'MSPDA', 48, 60)\">EDIT</a>"
      },
      {
        "carePakType": "CarePAK Plus",
        "carePakSku": 8982936904,
        "carePakSkuName": "CPPBINO_9836",
        "order": 0,
        "productGroup": "Film",
        "productCode": "CM",
        "level2Code": "C5",
        "dataRecovery": true,
        "prefix": "MSPDAR",
        "term": 36,
        "startDate": 1,
        "edit": "<a href=\"#\" onclick=\"showEditSkuModal('CarePAK Plus', 8982936904, 'CPPBINO_9836', 'Film', 'CM', 'C5', true, 'MSPDAR', 36, 1)\">EDIT</a>"
      },
      {
        "carePakType": "CarePAK Plus",
        "carePakSku": 1161649192,
        "carePakSkuName": "CRRLINO_0504",
        "order": 0,
        "productGroup": "Camera",
        "productCode": "MD",
        "level2Code": "B3",
        "dataRecovery": false,
        "prefix": "ESPDAR",
        "term": 24,
        "startDate": 76,
        "edit": "<a href=\"#\" onclick=\"showEditSkuModal('CarePAK Plus', 1161649192, 'CRRLINO_0504', 'Camera', 'MD', 'B3', false, 'ESPDAR', 24, 76)\">EDIT</a>"
      },
      {
        "carePakType": "CarePAK Plus",
        "carePakSku": 3143652152,
        "carePakSkuName": "CRRLINO_0504",
        "order": 0,
        "productGroup": "Boniculars",
        "productCode": "BN",
        "level2Code": "C5",
        "dataRecovery": true,
        "prefix": "MSPDAR",
        "term": 60,
        "startDate": 83,
        "edit": "<a href=\"#\" onclick=\"showEditSkuModal('CarePAK Plus', 3143652152, 'CRRLINO_0504', 'Boniculars', 'BN', 'C5', true, 'MSPDAR', 60, 83)\">EDIT</a>"
      },
      {
        "carePakType": "CarePAK Plus",
        "carePakSku": 9179790660,
        "carePakSkuName": "CPPBINO_9836",
        "order": 0,
        "productGroup": "Film",
        "productCode": "TS",
        "level2Code": "B3",
        "dataRecovery": false,
        "prefix": "MSPDAR",
        "term": 49,
        "startDate": 69,
        "edit": "<a href=\"#\" onclick=\"showEditSkuModal('CarePAK Plus', 9179790660, 'CPPBINO_9836', 'Film', 'TS', 'B3', false, 'MSPDAR', 49, 69)\">EDIT</a>"
      },
      {
        "carePakType": "CarePAK Plus",
        "carePakSku": 3547320028,
        "carePakSkuName": "CPPBINO_9836",
        "order": 0,
        "productGroup": "Film",
        "productCode": "BN",
        "level2Code": "B3",
        "dataRecovery": false,
        "prefix": "MSPDAR",
        "term": 48,
        "startDate": 89,
        "edit": "<a href=\"#\" onclick=\"showEditSkuModal('CarePAK Plus', 3547320028, 'CPPBINO_9836', 'Film', 'BN', 'B3', false, 'MSPDAR', 48, 89)\">EDIT</a>"
      },
      {
        "carePakType": "CarePAK Plus",
        "carePakSku": 4679766481,
        "carePakSkuName": "CPPBINO_29845",
        "order": 0,
        "productGroup": "Printer",
        "productCode": "AL",
        "level2Code": "C5",
        "dataRecovery": false,
        "prefix": "ESPDAR",
        "term": 48,
        "startDate": 55,
        "edit": "<a href=\"#\" onclick=\"showEditSkuModal('CarePAK Plus', 4679766481, 'CPPBINO_29845', 'Printer', 'AL', 'C5', false, 'ESPDAR', 48, 55)\">EDIT</a>"
      },
      {
        "carePakType": "CarePAK Plus",
        "carePakSku": 55264865,
        "carePakSkuName": "CPPBINO_2894",
        "order": 0,
        "productGroup": "Medical",
        "productCode": "MD",
        "level2Code": "C5",
        "dataRecovery": false,
        "prefix": "ESPDAR",
        "term": 48,
        "startDate": 34,
        "edit": "<a href=\"#\" onclick=\"showEditSkuModal('CarePAK Plus', 55264865, 'CPPBINO_2894', 'Medical', 'MD', 'C5', false, 'ESPDAR', 48, 34)\">EDIT</a>"
      },
      {
        "carePakType": "CarePAK Plus",
        "carePakSku": 2982981214,
        "carePakSkuName": "CRRLINO_0504",
        "order": 0,
        "productGroup": "Medical",
        "productCode": "CM",
        "level2Code": "B3",
        "dataRecovery": true,
        "prefix": "MSPDAR",
        "term": 37,
        "startDate": 85,
        "edit": "<a href=\"#\" onclick=\"showEditSkuModal('CarePAK Plus', 2982981214, 'CRRLINO_0504', 'Medical', 'CM', 'B3', true, 'MSPDAR', 37, 85)\">EDIT</a>"
      },
      {
        "carePakType": "CarePAK Plus",
        "carePakSku": 260079563,
        "carePakSkuName": "CPPBINO_9836",
        "order": 0,
        "productGroup": "Camera",
        "productCode": "BN",
        "level2Code": "A9",
        "dataRecovery": true,
        "prefix": "ESPDAR",
        "term": 36,
        "startDate": 87,
        "edit": "<a href=\"#\" onclick=\"showEditSkuModal('CarePAK Plus', 260079563, 'CPPBINO_9836', 'Camera', 'BN', 'A9', true, 'ESPDAR', 36, 87)\">EDIT</a>"
      },
      {
        "carePakType": "CarePAK Plus",
        "carePakSku": 2398647472,
        "carePakSkuName": "CPPBINO_0504",
        "order": 0,
        "productGroup": "Camera",
        "productCode": "BN",
        "level2Code": "B3",
        "dataRecovery": false,
        "prefix": "OTHER",
        "term": 13,
        "startDate": 3,
        "edit": "<a href=\"#\" onclick=\"showEditSkuModal('CarePAK Plus', 2398647472, 'CPPBINO_0504', 'Camera', 'BN', 'B3', false, 'OTHER', 13, 3)\">EDIT</a>"
      },
      {
        "carePakType": "CarePAK Plus",
        "carePakSku": 450121466,
        "carePakSkuName": "CPPBINO_0504",
        "order": 0,
        "productGroup": "Printer",
        "productCode": "CM",
        "level2Code": "A2",
        "dataRecovery": true,
        "prefix": "MSPDA",
        "term": 49,
        "startDate": 43,
        "edit": "<a href=\"#\" onclick=\"showEditSkuModal('CarePAK Plus', 450121466, 'CPPBINO_0504', 'Printer', 'CM', 'A2', true, 'MSPDA', 49, 43)\">EDIT</a>"
      },
      {
        "carePakType": "CarePAK Plus",
        "carePakSku": 6057727220,
        "carePakSkuName": "CPPBINO_9836",
        "order": 0,
        "productGroup": "Printer",
        "productCode": "TS",
        "level2Code": "C5",
        "dataRecovery": true,
        "prefix": "MSPDA",
        "term": 49,
        "startDate": 42,
        "edit": "<a href=\"#\" onclick=\"showEditSkuModal('CarePAK Plus', 6057727220, 'CPPBINO_9836', 'Printer', 'TS', 'C5', true, 'MSPDA', 49, 42)\">EDIT</a>"
      },
      {
        "carePakType": "CarePAK Plus",
        "carePakSku": 7257393231,
        "carePakSkuName": "CRRLINO_0504",
        "order": 0,
        "productGroup": "Boniculars",
        "productCode": "MD",
        "level2Code": "C5",
        "dataRecovery": false,
        "prefix": "ESPDAR",
        "term": 60,
        "startDate": 54,
        "edit": "<a href=\"#\" onclick=\"showEditSkuModal('CarePAK Plus', 7257393231, 'CRRLINO_0504', 'Boniculars', 'MD', 'C5', false, 'ESPDAR', 60, 54)\">EDIT</a>"
      },
      {
        "carePakType": "CarePAK Plus",
        "carePakSku": 7880270591,
        "carePakSkuName": "CPPBINO_0504",
        "order": 0,
        "productGroup": "Medical",
        "productCode": "MD",
        "level2Code": "A2",
        "dataRecovery": false,
        "prefix": "ESPDA",
        "term": 37,
        "startDate": 90,
        "edit": "<a href=\"#\" onclick=\"showEditSkuModal('CarePAK Plus', 7880270591, 'CPPBINO_0504', 'Medical', 'MD', 'A2', false, 'ESPDA', 37, 90)\">EDIT</a>"
      },
      {
        "carePakType": "CarePAK Plus",
        "carePakSku": 3703317730,
        "carePakSkuName": "CPPBINO_0504",
        "order": 0,
        "productGroup": "Boniculars",
        "productCode": "BN",
        "level2Code": "B3",
        "dataRecovery": true,
        "prefix": "MSPDA",
        "term": 48,
        "startDate": 46,
        "edit": "<a href=\"#\" onclick=\"showEditSkuModal('CarePAK Plus', 3703317730, 'CPPBINO_0504', 'Boniculars', 'BN', 'B3', true, 'MSPDA', 48, 46)\">EDIT</a>"
      },
      {
        "carePakType": "CarePAK Plus",
        "carePakSku": 1252616772,
        "carePakSkuName": "CPPBINO_2894",
        "order": 0,
        "productGroup": "Medical",
        "productCode": "MD",
        "level2Code": "A9",
        "dataRecovery": true,
        "prefix": "MSPDA",
        "term": 24,
        "startDate": 7,
        "edit": "<a href=\"#\" onclick=\"showEditSkuModal('CarePAK Plus', 1252616772, 'CPPBINO_2894', 'Medical', 'MD', 'A9', true, 'MSPDA', 24, 7)\">EDIT</a>"
      },
      {
        "carePakType": "CarePAK Plus",
        "carePakSku": 1221298097,
        "carePakSkuName": "CRRLINO_0504",
        "order": 0,
        "productGroup": "Camera",
        "productCode": "TS",
        "level2Code": "B3",
        "dataRecovery": false,
        "prefix": "ESPDA",
        "term": 24,
        "startDate": 18,
        "edit": "<a href=\"#\" onclick=\"showEditSkuModal('CarePAK Plus', 1221298097, 'CRRLINO_0504', 'Camera', 'TS', 'B3', false, 'ESPDA', 24, 18)\">EDIT</a>"
      },
      {
        "carePakType": "CarePAK Plus",
        "carePakSku": 5486134306,
        "carePakSkuName": "CPPBINO_9836",
        "order": 0,
        "productGroup": "Printer",
        "productCode": "CM",
        "level2Code": "A9",
        "dataRecovery": true,
        "prefix": "ESPDA",
        "term": 48,
        "startDate": 45,
        "edit": "<a href=\"#\" onclick=\"showEditSkuModal('CarePAK Plus', 5486134306, 'CPPBINO_9836', 'Printer', 'CM', 'A9', true, 'ESPDA', 48, 45)\">EDIT</a>"
      },
      {
        "carePakType": "CarePAK Plus",
        "carePakSku": 1152349601,
        "carePakSkuName": "CPPBINO_9836",
        "order": 0,
        "productGroup": "Boniculars",
        "productCode": "TS",
        "level2Code": "C5",
        "dataRecovery": true,
        "prefix": "ESPDAR",
        "term": 48,
        "startDate": 48,
        "edit": "<a href=\"#\" onclick=\"showEditSkuModal('CarePAK Plus', 1152349601, 'CPPBINO_9836', 'Boniculars', 'TS', 'C5', true, 'ESPDAR', 48, 48)\">EDIT</a>"
      },
      {
        "carePakType": "CarePAK Plus",
        "carePakSku": 9084630435,
        "carePakSkuName": "CPPBINO_2894",
        "order": 0,
        "productGroup": "Printer",
        "productCode": "AL",
        "level2Code": "A2",
        "dataRecovery": false,
        "prefix": "OTHER",
        "term": 24,
        "startDate": 77,
        "edit": "<a href=\"#\" onclick=\"showEditSkuModal('CarePAK Plus', 9084630435, 'CPPBINO_2894', 'Printer', 'AL', 'A2', false, 'OTHER', 24, 77)\">EDIT</a>"
      },
      {
        "carePakType": "CarePAK Plus",
        "carePakSku": 3991799682,
        "carePakSkuName": "CPPBINO_29845",
        "order": 0,
        "productGroup": "Film",
        "productCode": "CM",
        "level2Code": "C5",
        "dataRecovery": false,
        "prefix": "ESPDAR",
        "term": 49,
        "startDate": 44,
        "edit": "<a href=\"#\" onclick=\"showEditSkuModal('CarePAK Plus', 3991799682, 'CPPBINO_29845', 'Film', 'CM', 'C5', false, 'ESPDAR', 49, 44)\">EDIT</a>"
      },
      {
        "carePakType": "CarePAK Plus",
        "carePakSku": 5084401033,
        "carePakSkuName": "CRRLINO_0504",
        "order": 0,
        "productGroup": "Camera",
        "productCode": "AL",
        "level2Code": "A2",
        "dataRecovery": false,
        "prefix": "OTHER",
        "term": 49,
        "startDate": 76,
        "edit": "<a href=\"#\" onclick=\"showEditSkuModal('CarePAK Plus', 5084401033, 'CRRLINO_0504', 'Camera', 'AL', 'A2', false, 'OTHER', 49, 76)\">EDIT</a>"
      },
      {
        "carePakType": "CarePAK Plus",
        "carePakSku": 5486342799,
        "carePakSkuName": "CPPBINO_0504",
        "order": 0,
        "productGroup": "Boniculars",
        "productCode": "TS",
        "level2Code": "A9",
        "dataRecovery": false,
        "prefix": "MSPDA",
        "term": 48,
        "startDate": 78,
        "edit": "<a href=\"#\" onclick=\"showEditSkuModal('CarePAK Plus', 5486342799, 'CPPBINO_0504', 'Boniculars', 'TS', 'A9', false, 'MSPDA', 48, 78)\">EDIT</a>"
      },
      {
        "carePakType": "CarePAK Plus",
        "carePakSku": 735874020,
        "carePakSkuName": "CPPBINO_2894",
        "order": 0,
        "productGroup": "Film",
        "productCode": "CM",
        "level2Code": "A9",
        "dataRecovery": true,
        "prefix": "ESPDA",
        "term": 13,
        "startDate": 10,
        "edit": "<a href=\"#\" onclick=\"showEditSkuModal('CarePAK Plus', 735874020, 'CPPBINO_2894', 'Film', 'CM', 'A9', true, 'ESPDA', 13, 10)\">EDIT</a>"
      },
      {
        "carePakType": "CarePAK Plus",
        "carePakSku": 357751355,
        "carePakSkuName": "CRRLINO_0504",
        "order": 0,
        "productGroup": "Medical",
        "productCode": "AL",
        "level2Code": "A9",
        "dataRecovery": false,
        "prefix": "MSPDA",
        "term": 13,
        "startDate": 72,
        "edit": "<a href=\"#\" onclick=\"showEditSkuModal('CarePAK Plus', 357751355, 'CRRLINO_0504', 'Medical', 'AL', 'A9', false, 'MSPDA', 13, 72)\">EDIT</a>"
      },
      {
        "carePakType": "CarePAK Plus",
        "carePakSku": 5349485840,
        "carePakSkuName": "CRRLINO_0504",
        "order": 0,
        "productGroup": "Camera",
        "productCode": "TS",
        "level2Code": "A9",
        "dataRecovery": false,
        "prefix": "OTHER",
        "term": 49,
        "startDate": 1,
        "edit": "<a href=\"#\" onclick=\"showEditSkuModal('CarePAK Plus', 5349485840, 'CRRLINO_0504', 'Camera', 'TS', 'A9', false, 'OTHER', 49, 1)\">EDIT</a>"
      },
      {
        "carePakType": "CarePAK Plus",
        "carePakSku": 9537027956,
        "carePakSkuName": "CPPBINO_29845",
        "order": 0,
        "productGroup": "Printer",
        "productCode": "BN",
        "level2Code": "B3",
        "dataRecovery": true,
        "prefix": "OTHER",
        "term": 48,
        "startDate": 81,
        "edit": "<a href=\"#\" onclick=\"showEditSkuModal('CarePAK Plus', 9537027956, 'CPPBINO_29845', 'Printer', 'BN', 'B3', true, 'OTHER', 48, 81)\">EDIT</a>"
      },
      {
        "carePakType": "CarePAK Plus",
        "carePakSku": 2416015817,
        "carePakSkuName": "CPPBINO_0504",
        "order": 0,
        "productGroup": "Boniculars",
        "productCode": "BN",
        "level2Code": "A9",
        "dataRecovery": true,
        "prefix": "ESPDA",
        "term": 60,
        "startDate": 77,
        "edit": "<a href=\"#\" onclick=\"showEditSkuModal('CarePAK Plus', 2416015817, 'CPPBINO_0504', 'Boniculars', 'BN', 'A9', true, 'ESPDA', 60, 77)\">EDIT</a>"
      },
      {
        "carePakType": "CarePAK Plus",
        "carePakSku": 3581229181,
        "carePakSkuName": "CPPBINO_2894",
        "order": 0,
        "productGroup": "Camera",
        "productCode": "TS",
        "level2Code": "A9",
        "dataRecovery": false,
        "prefix": "ESPDA",
        "term": 48,
        "startDate": 82,
        "edit": "<a href=\"#\" onclick=\"showEditSkuModal('CarePAK Plus', 3581229181, 'CPPBINO_2894', 'Camera', 'TS', 'A9', false, 'ESPDA', 48, 82)\">EDIT</a>"
      },
      {
        "carePakType": "CarePAK Plus",
        "carePakSku": 7743254286,
        "carePakSkuName": "CPPBINO_29845",
        "order": 0,
        "productGroup": "Film",
        "productCode": "BN",
        "level2Code": "C5",
        "dataRecovery": false,
        "prefix": "ESPDAR",
        "term": 60,
        "startDate": 16,
        "edit": "<a href=\"#\" onclick=\"showEditSkuModal('CarePAK Plus', 7743254286, 'CPPBINO_29845', 'Film', 'BN', 'C5', false, 'ESPDAR', 60, 16)\">EDIT</a>"
      },
      {
        "carePakType": "CarePAK Plus",
        "carePakSku": 6991944678,
        "carePakSkuName": "CPPBINO_2894",
        "order": 0,
        "productGroup": "Film",
        "productCode": "MD",
        "level2Code": "A2",
        "dataRecovery": false,
        "prefix": "OTHER",
        "term": 24,
        "startDate": 23,
        "edit": "<a href=\"#\" onclick=\"showEditSkuModal('CarePAK Plus', 6991944678, 'CPPBINO_2894', 'Film', 'MD', 'A2', false, 'OTHER', 24, 23)\">EDIT</a>"
      },
      {
        "carePakType": "CarePAK Plus",
        "carePakSku": 8397376905,
        "carePakSkuName": "CRRLINO_0504",
        "order": 0,
        "productGroup": "Film",
        "productCode": "AL",
        "level2Code": "A9",
        "dataRecovery": false,
        "prefix": "ESPDA",
        "term": 24,
        "startDate": 28,
        "edit": "<a href=\"#\" onclick=\"showEditSkuModal('CarePAK Plus', 8397376905, 'CRRLINO_0504', 'Film', 'AL', 'A9', false, 'ESPDA', 24, 28)\">EDIT</a>"
      },
      {
        "carePakType": "CarePAK Plus",
        "carePakSku": 6726065072,
        "carePakSkuName": "CPPBINO_2894",
        "order": 0,
        "productGroup": "Boniculars",
        "productCode": "MD",
        "level2Code": "B3",
        "dataRecovery": false,
        "prefix": "MSPDAR",
        "term": 60,
        "startDate": 43,
        "edit": "<a href=\"#\" onclick=\"showEditSkuModal('CarePAK Plus', 6726065072, 'CPPBINO_2894', 'Boniculars', 'MD', 'B3', false, 'MSPDAR', 60, 43)\">EDIT</a>"
      },
      {
        "carePakType": "CarePAK Plus",
        "carePakSku": 4275546573,
        "carePakSkuName": "CPPBINO_2894",
        "order": 0,
        "productGroup": "Camera",
        "productCode": "BN",
        "level2Code": "C5",
        "dataRecovery": false,
        "prefix": "MSPDA",
        "term": 24,
        "startDate": 35,
        "edit": "<a href=\"#\" onclick=\"showEditSkuModal('CarePAK Plus', 4275546573, 'CPPBINO_2894', 'Camera', 'BN', 'C5', false, 'MSPDA', 24, 35)\">EDIT</a>"
      },
      {
        "carePakType": "CarePAK Plus",
        "carePakSku": 1922385617,
        "carePakSkuName": "CRRLINO_0504",
        "order": 0,
        "productGroup": "Medical",
        "productCode": "MD",
        "level2Code": "A2",
        "dataRecovery": true,
        "prefix": "ESPDA",
        "term": 48,
        "startDate": 1,
        "edit": "<a href=\"#\" onclick=\"showEditSkuModal('CarePAK Plus', 1922385617, 'CRRLINO_0504', 'Medical', 'MD', 'A2', true, 'ESPDA', 48, 1)\">EDIT</a>"
      }
    ]
}

