{
    "data": [
      {
        "sellTo": "PR15",
        "dealerName": "INSECTUS",
        "orderReceivedDate": "Jun-20-2015",
        "source": "Dealer",
        "status": "Received",
        "carePakSku": 62874006,
        "carePakName": "CPPBINO_29845",
        "hardwareSKU": 43023361,
        "hardwareModelName": "PIXMA TS302",
        "serial": 845354,
        "receipt": 60399,
        "picture": "<a onclick=\"showReceiptModal()\"><i class=\"icon-receipt\"></i></a>",
        "purchaseDate": "06/17/2017",
        "term": 4,
        "expDate": "Jul-9-2018",
        "activationCode": "MSPDAR87B",
        "canonCpo": "PR15505",
        "canonInvoice": 52154940,
        "firstName": "Jaime",
        "lastName": "Short",
        "email": "jaime.short@insectus.biz",
        "phone": "905-492-3998",
        "edit": "<a href=\"#\" onclick=\"showEditCustomerModal(845354, 'Jaime', 'Short', 'jaime.short@insectus.biz', '905-492-3998')\">EDIT</a>",
        "checked": false
      },
      {
        "sellTo": "PR30",
        "dealerName": "DIGIAL",
        "orderReceivedDate": "Jul-20-2017",
        "source": "Customer",
        "status": "Failed",
        "carePakSku": 14515901,
        "carePakName": "CRRLINO_0504",
        "hardwareSKU": 20704182,
        "hardwareModelName": "Speedlite 430EX III-RT",
        "serial": 972750,
        "receipt": 896871,
        "picture": "<a onclick=\"showReceiptModal()\"><i class=\"icon-receipt\"></i></a>",
        "purchaseDate": "06/21/2015",
        "term": 11,
        "expDate": "Jul-7-2018",
        "activationCode": "MSPDA12A",
        "canonCpo": "PR30603",
        "canonInvoice": 68668703,
        "firstName": "Christian",
        "lastName": "Jacobs",
        "email": "christian.jacobs@digial.ca",
        "phone": "842-475-3246",
        "edit": "<a href=\"#\" onclick=\"showEditCustomerModal(972750, 'Christian', 'Jacobs', 'christian.jacobs@digial.ca', '842-475-3246')\">EDIT</a>",
        "checked": false
      },
      {
        "sellTo": "PR10",
        "dealerName": "PHEAST",
        "orderReceivedDate": "Dec-3-2014",
        "source": "Dealer",
        "status": "Invoiced",
        "carePakSku": 63790604,
        "carePakName": "CPPBINO_9836",
        "hardwareSKU": 83866312,
        "hardwareModelName": "PIXMA TS302",
        "serial": 781247,
        "receipt": 700452,
        "picture": "<a onclick=\"showReceiptModal()\"><i class=\"icon-receipt\"></i></a>",
        "purchaseDate": "04/23/2014",
        "term": 0,
        "expDate": "Jun-30-2018",
        "activationCode": "MSPDAR87B",
        "canonCpo": "PR10185",
        "canonInvoice": 54601581,
        "firstName": "Ina",
        "lastName": "Lara",
        "email": "ina.lara@pheast.org",
        "phone": "825-456-2327",
        "edit": "<a href=\"#\" onclick=\"showEditCustomerModal(781247, 'Ina', 'Lara', 'ina.lara@pheast.org', '825-456-2327')\">EDIT</a>",
        "checked": false
      },
      {
        "sellTo": "PR50",
        "dealerName": "PAWNAGRA",
        "orderReceivedDate": "Feb-14-2016",
        "source": "Customer",
        "status": "Email Not Sent",
        "carePakSku": 20747439,
        "carePakName": "CRRLINO_0504",
        "hardwareSKU": 81926099,
        "hardwareModelName": "EOS Rebel T5 EF-S",
        "serial": 900146,
        "receipt": 464473,
        "picture": "<a onclick=\"showReceiptModal()\"><i class=\"icon-receipt\"></i></a>",
        "purchaseDate": "08/08/2017",
        "term": 12,
        "expDate": "Jul-12-2018",
        "activationCode": "OTHER",
        "canonCpo": "PR50467",
        "canonInvoice": 99994809,
        "firstName": "Ramsey",
        "lastName": "Wilder",
        "email": "ramsey.wilder@pawnagra.us",
        "phone": "879-407-3543",
        "edit": "<a href=\"#\" onclick=\"showEditCustomerModal(900146, 'Ramsey', 'Wilder', 'ramsey.wilder@pawnagra.us', '879-407-3543')\">EDIT</a>",
        "checked": false
      },
      {
        "sellTo": "PR35",
        "dealerName": "CEPRENE",
        "orderReceivedDate": "May-1-2015",
        "source": "Dealer",
        "status": "Failed",
        "carePakSku": 49663787,
        "carePakName": "CPPBINO_0504",
        "hardwareSKU": 3665740,
        "hardwareModelName": "PowerShot G3 X",
        "serial": 714521,
        "receipt": 133343,
        "picture": "<a onclick=\"showReceiptModal()\"><i class=\"icon-receipt\"></i></a>",
        "purchaseDate": "01/01/2014",
        "term": 12,
        "expDate": "Jul-17-2018",
        "activationCode": "MSPDAR87B",
        "canonCpo": "PR35959",
        "canonInvoice": 88065080,
        "firstName": "Donaldson",
        "lastName": "Jennings",
        "email": "donaldson.jennings@ceprene.name",
        "phone": "804-531-2379",
        "edit": "<a href=\"#\" onclick=\"showEditCustomerModal(714521, 'Donaldson', 'Jennings', 'donaldson.jennings@ceprene.name', '804-531-2379')\">EDIT</a>",
        "checked": false
      },
      {
        "sellTo": "PR55",
        "dealerName": "BEDDER",
        "orderReceivedDate": "Feb-24-2018",
        "source": "Customer",
        "status": "Failed",
        "carePakSku": 98815073,
        "carePakName": "CPPBINO_9836",
        "hardwareSKU": 87637739,
        "hardwareModelName": "EOS Rebel T5 EF-S",
        "serial": 594529,
        "receipt": 310466,
        "picture": "<a onclick=\"showReceiptModal()\"><i class=\"icon-receipt\"></i></a>",
        "purchaseDate": "03/05/2015",
        "term": 3,
        "expDate": "Jul-2-2018",
        "activationCode": "MSPDA12A",
        "canonCpo": "PR55140",
        "canonInvoice": 96656674,
        "firstName": "Stefanie",
        "lastName": "Robles",
        "email": "stefanie.robles@bedder.net",
        "phone": "804-422-3131",
        "edit": "<a href=\"#\" onclick=\"showEditCustomerModal(594529, 'Stefanie', 'Robles', 'stefanie.robles@bedder.net', '804-422-3131')\">EDIT</a>",
        "checked": false
      },
      {
        "sellTo": "PR40",
        "dealerName": "PLAYCE",
        "orderReceivedDate": "Sep-15-2016",
        "source": "Customer",
        "status": "In Process",
        "carePakSku": 31335912,
        "carePakName": "CRRLINO_0504",
        "hardwareSKU": 8856947,
        "hardwareModelName": "Speedlite 430EX III-RT",
        "serial": 711833,
        "receipt": 930804,
        "picture": "<a onclick=\"showReceiptModal()\"><i class=\"icon-receipt\"></i></a>",
        "purchaseDate": "03/14/2017",
        "term": 3,
        "expDate": "Jul-11-2018",
        "activationCode": "MSPDAR87B",
        "canonCpo": "PR4085",
        "canonInvoice": 28990674,
        "firstName": "Anderson",
        "lastName": "Ingram",
        "email": "anderson.ingram@playce.me",
        "phone": "811-409-3159",
        "edit": "<a href=\"#\" onclick=\"showEditCustomerModal(711833, 'Anderson', 'Ingram', 'anderson.ingram@playce.me', '811-409-3159')\">EDIT</a>",
        "checked": false
      },
      {
        "sellTo": "PR05",
        "dealerName": "HOUSEDOWN",
        "orderReceivedDate": "Jul-12-2016",
        "source": "Dealer",
        "status": "Registered",
        "carePakSku": 1623496,
        "carePakName": "CPPBINO_29845",
        "hardwareSKU": 57069543,
        "hardwareModelName": "PIXMA TS302",
        "serial": 168078,
        "receipt": 605235,
        "picture": "<a onclick=\"showReceiptModal()\"><i class=\"icon-receipt\"></i></a>",
        "purchaseDate": "07/14/2014",
        "term": 14,
        "expDate": "Jul-15-2018",
        "activationCode": "ESPDA85NF",
        "canonCpo": "PR05479",
        "canonInvoice": 44036919,
        "firstName": "Vang",
        "lastName": "Nichols",
        "email": "vang.nichols@housedown.biz",
        "phone": "904-528-3321",
        "edit": "<a href=\"#\" onclick=\"showEditCustomerModal(168078, 'Vang', 'Nichols', 'vang.nichols@housedown.biz', '904-528-3321')\">EDIT</a>",
        "checked": false
      },
      {
        "sellTo": "PR55",
        "dealerName": "ZENSOR",
        "orderReceivedDate": "May-26-2015",
        "source": "Customer",
        "status": "In Process",
        "carePakSku": 17570338,
        "carePakName": "CPPBINO_29845",
        "hardwareSKU": 59405065,
        "hardwareModelName": "Canon imagePROGRAF iPF670E Printer Stand",
        "serial": 746895,
        "receipt": 751648,
        "picture": "<a onclick=\"showReceiptModal()\"><i class=\"icon-receipt\"></i></a>",
        "purchaseDate": "02/27/2015",
        "term": 7,
        "expDate": "Jul-11-2018",
        "activationCode": "OTHER",
        "canonCpo": "PR55198",
        "canonInvoice": 37792610,
        "firstName": "Booker",
        "lastName": "Price",
        "email": "booker.price@zensor.tv",
        "phone": "974-439-3229",
        "edit": "<a href=\"#\" onclick=\"showEditCustomerModal(746895, 'Booker', 'Price', 'booker.price@zensor.tv', '974-439-3229')\">EDIT</a>",
        "checked": false
      },
      {
        "sellTo": "PR20",
        "dealerName": "PLASMOX",
        "orderReceivedDate": "Apr-11-2016",
        "source": "Dealer",
        "status": "In Process",
        "carePakSku": 64790747,
        "carePakName": "CPPBINO_9836",
        "hardwareSKU": 90385975,
        "hardwareModelName": "PowerShot G3 X",
        "serial": 364166,
        "receipt": 722938,
        "picture": "<a onclick=\"showReceiptModal()\"><i class=\"icon-receipt\"></i></a>",
        "purchaseDate": "01/16/2018",
        "term": 2,
        "expDate": "Jul-14-2018",
        "activationCode": "MSPDAR87B",
        "canonCpo": "PR20755",
        "canonInvoice": 12582301,
        "firstName": "Kerri",
        "lastName": "Kinney",
        "email": "kerri.kinney@plasmox.co.uk",
        "phone": "885-422-2857",
        "edit": "<a href=\"#\" onclick=\"showEditCustomerModal(364166, 'Kerri', 'Kinney', 'kerri.kinney@plasmox.co.uk', '885-422-2857')\">EDIT</a>",
        "checked": false
      },
      {
        "sellTo": "PR15",
        "dealerName": "SPRINGBEE",
        "orderReceivedDate": "Dec-13-2017",
        "source": "Customer",
        "status": "Submitted",
        "carePakSku": 46278709,
        "carePakName": "CPPBINO_0504",
        "hardwareSKU": 3121243,
        "hardwareModelName": "Speedlite 430EX III-RT",
        "serial": 555172,
        "receipt": 908333,
        "picture": "<a onclick=\"showReceiptModal()\"><i class=\"icon-receipt\"></i></a>",
        "purchaseDate": "05/05/2015",
        "term": 7,
        "expDate": "Jul-13-2018",
        "activationCode": "ESPDA85NF",
        "canonCpo": "PR15620",
        "canonInvoice": 64925447,
        "firstName": "Allison",
        "lastName": "Padilla",
        "email": "allison.padilla@springbee.io",
        "phone": "885-447-3769",
        "edit": "<a href=\"#\" onclick=\"showEditCustomerModal(555172, 'Allison', 'Padilla', 'allison.padilla@springbee.io', '885-447-3769')\">EDIT</a>",
        "checked": false
      },
      {
        "sellTo": "PR45",
        "dealerName": "OULU",
        "orderReceivedDate": "Sep-18-2016",
        "source": "Customer",
        "status": "In Process",
        "carePakSku": 35198908,
        "carePakName": "CPPBINO_0504",
        "hardwareSKU": 77589761,
        "hardwareModelName": "EOS Rebel T5 EF-S",
        "serial": 358636,
        "receipt": 331235,
        "picture": "<a onclick=\"showReceiptModal()\"><i class=\"icon-receipt\"></i></a>",
        "purchaseDate": "09/27/2014",
        "term": 18,
        "expDate": "Jul-8-2018",
        "activationCode": "MSPDA12A",
        "canonCpo": "PR45617",
        "canonInvoice": 93542520,
        "firstName": "Alissa",
        "lastName": "Ramirez",
        "email": "alissa.ramirez@oulu.info",
        "phone": "906-456-2902",
        "edit": "<a href=\"#\" onclick=\"showEditCustomerModal(358636, 'Alissa', 'Ramirez', 'alissa.ramirez@oulu.info', '906-456-2902')\">EDIT</a>",
        "checked": false
      },
      {
        "sellTo": "PR15",
        "dealerName": "TSUNAMIA",
        "orderReceivedDate": "Jun-2-2014",
        "source": "Customer",
        "status": "Invoiced",
        "carePakSku": 65303919,
        "carePakName": "CRRLINO_0504",
        "hardwareSKU": 97446957,
        "hardwareModelName": "PowerShot G3 X",
        "serial": 602448,
        "receipt": 553433,
        "picture": "<a onclick=\"showReceiptModal()\"><i class=\"icon-receipt\"></i></a>",
        "purchaseDate": "09/21/2017",
        "term": 18,
        "expDate": "Jul-8-2018",
        "activationCode": "ESPDA85NF",
        "canonCpo": "PR15443",
        "canonInvoice": 56791555,
        "firstName": "White",
        "lastName": "Bird",
        "email": "white.bird@tsunamia.biz",
        "phone": "981-456-2220",
        "edit": "<a href=\"#\" onclick=\"showEditCustomerModal(602448, 'White', 'Bird', 'white.bird@tsunamia.biz', '981-456-2220')\">EDIT</a>",
        "checked": false
      },
      {
        "sellTo": "PR35",
        "dealerName": "MOTOVATE",
        "orderReceivedDate": "Jan-30-2017",
        "source": "Customer",
        "status": "Invoiced",
        "carePakSku": 45350433,
        "carePakName": "CRRLINO_0504",
        "hardwareSKU": 9521992,
        "hardwareModelName": "PIXMA TS302",
        "serial": 767199,
        "receipt": 617480,
        "picture": "<a onclick=\"showReceiptModal()\"><i class=\"icon-receipt\"></i></a>",
        "purchaseDate": "05/27/2015",
        "term": 3,
        "expDate": "Jul-14-2018",
        "activationCode": "OTHER",
        "canonCpo": "PR35286",
        "canonInvoice": 38899472,
        "firstName": "Ortiz",
        "lastName": "Benjamin",
        "email": "ortiz.benjamin@motovate.ca",
        "phone": "930-425-2186",
        "edit": "<a href=\"#\" onclick=\"showEditCustomerModal(767199, 'Ortiz', 'Benjamin', 'ortiz.benjamin@motovate.ca', '930-425-2186')\">EDIT</a>",
        "checked": false
      },
      {
        "sellTo": "PR45",
        "dealerName": "ISOSTREAM",
        "orderReceivedDate": "Jan-18-2018",
        "source": "Dealer",
        "status": "Failed",
        "carePakSku": 88848137,
        "carePakName": "CPPBINO_2894",
        "hardwareSKU": 74327699,
        "hardwareModelName": "PIXMA TS302",
        "serial": 744788,
        "receipt": 960316,
        "picture": "<a onclick=\"showReceiptModal()\"><i class=\"icon-receipt\"></i></a>",
        "purchaseDate": "09/20/2017",
        "term": 1,
        "expDate": "Jul-17-2018",
        "activationCode": "OTHER",
        "canonCpo": "PR45416",
        "canonInvoice": 12628518,
        "firstName": "Guthrie",
        "lastName": "Mendez",
        "email": "guthrie.mendez@isostream.org",
        "phone": "892-542-3770",
        "edit": "<a href=\"#\" onclick=\"showEditCustomerModal(744788, 'Guthrie', 'Mendez', 'guthrie.mendez@isostream.org', '892-542-3770')\">EDIT</a>",
        "checked": false
      },
      {
        "sellTo": "PR35",
        "dealerName": "ZILIDIUM",
        "orderReceivedDate": "Jan-7-2017",
        "source": "Customer",
        "status": "Failed",
        "carePakSku": 90513331,
        "carePakName": "CPPBINO_29845",
        "hardwareSKU": 77230835,
        "hardwareModelName": "PowerShot G3 X",
        "serial": 644667,
        "receipt": 863870,
        "picture": "<a onclick=\"showReceiptModal()\"><i class=\"icon-receipt\"></i></a>",
        "purchaseDate": "04/05/2018",
        "term": 21,
        "expDate": "Jul-9-2018",
        "activationCode": "OTHER",
        "canonCpo": "PR35951",
        "canonInvoice": 37982747,
        "firstName": "Lenore",
        "lastName": "Freeman",
        "email": "lenore.freeman@zilidium.us",
        "phone": "925-545-3801",
        "edit": "<a href=\"#\" onclick=\"showEditCustomerModal(644667, 'Lenore', 'Freeman', 'lenore.freeman@zilidium.us', '925-545-3801')\">EDIT</a>",
        "checked": false
      },
      {
        "sellTo": "PR20",
        "dealerName": "GLEAMINK",
        "orderReceivedDate": "May-15-2018",
        "source": "Customer",
        "status": "Email Sent",
        "carePakSku": 41482636,
        "carePakName": "CPPBINO_2894",
        "hardwareSKU": 7031334,
        "hardwareModelName": "Speedlite 430EX III-RT",
        "serial": 765026,
        "receipt": 459853,
        "picture": "<a onclick=\"showReceiptModal()\"><i class=\"icon-receipt\"></i></a>",
        "purchaseDate": "05/20/2015",
        "term": 8,
        "expDate": "Jul-4-2018",
        "activationCode": "ESPDA85NF",
        "canonCpo": "PR20249",
        "canonInvoice": 83051442,
        "firstName": "Trevino",
        "lastName": "French",
        "email": "trevino.french@gleamink.name",
        "phone": "962-419-3167",
        "edit": "<a href=\"#\" onclick=\"showEditCustomerModal(765026, 'Trevino', 'French', 'trevino.french@gleamink.name', '962-419-3167')\">EDIT</a>",
        "checked": false
      },
      {
        "sellTo": "PR25",
        "dealerName": "RADIANTIX",
        "orderReceivedDate": "Sep-25-2014",
        "source": "Dealer",
        "status": "Email Sent",
        "carePakSku": 56727998,
        "carePakName": "CPPBINO_0504",
        "hardwareSKU": 91412564,
        "hardwareModelName": "EOS Rebel T5 EF-S",
        "serial": 421123,
        "receipt": 301673,
        "picture": "<a onclick=\"showReceiptModal()\"><i class=\"icon-receipt\"></i></a>",
        "purchaseDate": "07/08/2015",
        "term": 2,
        "expDate": "Jul-4-2018",
        "activationCode": "MSPDAR87B",
        "canonCpo": "PR25159",
        "canonInvoice": 67743206,
        "firstName": "Billie",
        "lastName": "Rogers",
        "email": "billie.rogers@radiantix.net",
        "phone": "913-400-2578",
        "edit": "<a href=\"#\" onclick=\"showEditCustomerModal(421123, 'Billie', 'Rogers', 'billie.rogers@radiantix.net', '913-400-2578')\">EDIT</a>",
        "checked": false
      },
      {
        "sellTo": "PR30",
        "dealerName": "ZOMBOID",
        "orderReceivedDate": "May-5-2018",
        "source": "Customer",
        "status": "Invoiced",
        "carePakSku": 39826414,
        "carePakName": "CPPBINO_29845",
        "hardwareSKU": 95719364,
        "hardwareModelName": "Canon imagePROGRAF iPF670E Printer Stand",
        "serial": 804942,
        "receipt": 829878,
        "picture": "<a onclick=\"showReceiptModal()\"><i class=\"icon-receipt\"></i></a>",
        "purchaseDate": "12/27/2016",
        "term": 20,
        "expDate": "Jul-17-2018",
        "activationCode": "OTHER",
        "canonCpo": "PR30536",
        "canonInvoice": 77811358,
        "firstName": "Shirley",
        "lastName": "Schneider",
        "email": "shirley.schneider@zomboid.me",
        "phone": "892-410-2035",
        "edit": "<a href=\"#\" onclick=\"showEditCustomerModal(804942, 'Shirley', 'Schneider', 'shirley.schneider@zomboid.me', '892-410-2035')\">EDIT</a>",
        "checked": false
      },
      {
        "sellTo": "PR10",
        "dealerName": "TECHTRIX",
        "orderReceivedDate": "Jan-14-2015",
        "source": "Customer",
        "status": "Failed",
        "carePakSku": 34972334,
        "carePakName": "CPPBINO_29845",
        "hardwareSKU": 40983843,
        "hardwareModelName": "Canon imagePROGRAF iPF670E Printer Stand",
        "serial": 476002,
        "receipt": 442243,
        "picture": "<a onclick=\"showReceiptModal()\"><i class=\"icon-receipt\"></i></a>",
        "purchaseDate": "01/18/2017",
        "term": 19,
        "expDate": "Jun-30-2018",
        "activationCode": "ESPDAR543G",
        "canonCpo": "PR10282",
        "canonInvoice": 52619451,
        "firstName": "Theresa",
        "lastName": "Cantrell",
        "email": "theresa.cantrell@techtrix.biz",
        "phone": "823-410-3935",
        "edit": "<a href=\"#\" onclick=\"showEditCustomerModal(476002, 'Theresa', 'Cantrell', 'theresa.cantrell@techtrix.biz', '823-410-3935')\">EDIT</a>",
        "checked": false
      },
      {
        "sellTo": "PR50",
        "dealerName": "RAMJOB",
        "orderReceivedDate": "Mar-6-2018",
        "source": "Dealer",
        "status": "Email Sent",
        "carePakSku": 36725946,
        "carePakName": "CRRLINO_0504",
        "hardwareSKU": 97129650,
        "hardwareModelName": "EOS Rebel T5 EF-S",
        "serial": 124459,
        "receipt": 883680,
        "picture": "<a onclick=\"showReceiptModal()\"><i class=\"icon-receipt\"></i></a>",
        "purchaseDate": "08/31/2014",
        "term": 5,
        "expDate": "Jul-18-2018",
        "activationCode": "ESPDAR543G",
        "canonCpo": "PR5049",
        "canonInvoice": 34518297,
        "firstName": "Deleon",
        "lastName": "Peters",
        "email": "deleon.peters@ramjob.tv",
        "phone": "992-587-3033",
        "edit": "<a href=\"#\" onclick=\"showEditCustomerModal(124459, 'Deleon', 'Peters', 'deleon.peters@ramjob.tv', '992-587-3033')\">EDIT</a>",
        "checked": false
      },
      {
        "sellTo": "PR05",
        "dealerName": "DRAGBOT",
        "orderReceivedDate": "Oct-29-2017",
        "source": "Dealer",
        "status": "Received",
        "carePakSku": 45588049,
        "carePakName": "CPPBINO_0504",
        "hardwareSKU": 25206869,
        "hardwareModelName": "Canon imagePROGRAF iPF670E Printer Stand",
        "serial": 433713,
        "receipt": 440156,
        "picture": "<a onclick=\"showReceiptModal()\"><i class=\"icon-receipt\"></i></a>",
        "purchaseDate": "06/07/2018",
        "term": 11,
        "expDate": "Jul-1-2018",
        "activationCode": "ESPDA85NF",
        "canonCpo": "PR05736",
        "canonInvoice": 93724360,
        "firstName": "Mays",
        "lastName": "Rodriquez",
        "email": "mays.rodriquez@dragbot.co.uk",
        "phone": "950-410-2222",
        "edit": "<a href=\"#\" onclick=\"showEditCustomerModal(433713, 'Mays', 'Rodriquez', 'mays.rodriquez@dragbot.co.uk', '950-410-2222')\">EDIT</a>",
        "checked": false
      },
      {
        "sellTo": "PR55",
        "dealerName": "GLOBOIL",
        "orderReceivedDate": "Jan-1-2017",
        "source": "Dealer",
        "status": "Email Sent",
        "carePakSku": 81640702,
        "carePakName": "CPPBINO_0504",
        "hardwareSKU": 3036261,
        "hardwareModelName": "PIXMA TS302",
        "serial": 889809,
        "receipt": 248218,
        "picture": "<a onclick=\"showReceiptModal()\"><i class=\"icon-receipt\"></i></a>",
        "purchaseDate": "04/30/2014",
        "term": 12,
        "expDate": "Jul-2-2018",
        "activationCode": "MSPDAR87B",
        "canonCpo": "PR5526",
        "canonInvoice": 97083496,
        "firstName": "Murphy",
        "lastName": "Ramsey",
        "email": "murphy.ramsey@globoil.io",
        "phone": "803-529-3610",
        "edit": "<a href=\"#\" onclick=\"showEditCustomerModal(889809, 'Murphy', 'Ramsey', 'murphy.ramsey@globoil.io', '803-529-3610')\">EDIT</a>",
        "checked": false
      },
      {
        "sellTo": "PR45",
        "dealerName": "EDECINE",
        "orderReceivedDate": "Oct-9-2017",
        "source": "Dealer",
        "status": "Received",
        "carePakSku": 99216035,
        "carePakName": "CPPBINO_0504",
        "hardwareSKU": 79760444,
        "hardwareModelName": "EOS Rebel T5 EF-S",
        "serial": 159175,
        "receipt": 657397,
        "picture": "<a onclick=\"showReceiptModal()\"><i class=\"icon-receipt\"></i></a>",
        "purchaseDate": "01/06/2016",
        "term": 0,
        "expDate": "Jul-17-2018",
        "activationCode": "MSPDAR87B",
        "canonCpo": "PR45580",
        "canonInvoice": 61099962,
        "firstName": "Haynes",
        "lastName": "Pope",
        "email": "haynes.pope@edecine.info",
        "phone": "817-403-3137",
        "edit": "<a href=\"#\" onclick=\"showEditCustomerModal(159175, 'Haynes', 'Pope', 'haynes.pope@edecine.info', '817-403-3137')\">EDIT</a>",
        "checked": false
      },
      {
        "sellTo": "PR05",
        "dealerName": "ISOSWITCH",
        "orderReceivedDate": "Feb-17-2017",
        "source": "Dealer",
        "status": "Email Sent",
        "carePakSku": 6441854,
        "carePakName": "CPPBINO_0504",
        "hardwareSKU": 9746335,
        "hardwareModelName": "PowerShot G3 X",
        "serial": 629439,
        "receipt": 722520,
        "picture": "<a onclick=\"showReceiptModal()\"><i class=\"icon-receipt\"></i></a>",
        "purchaseDate": "11/13/2017",
        "term": 18,
        "expDate": "Jul-1-2018",
        "activationCode": "OTHER",
        "canonCpo": "PR05768",
        "canonInvoice": 14061012,
        "firstName": "Reba",
        "lastName": "Banks",
        "email": "reba.banks@isoswitch.biz",
        "phone": "948-577-2300",
        "edit": "<a href=\"#\" onclick=\"showEditCustomerModal(629439, 'Reba', 'Banks', 'reba.banks@isoswitch.biz', '948-577-2300')\">EDIT</a>",
        "checked": false
      },
      {
        "sellTo": "PR40",
        "dealerName": "ZIALACTIC",
        "orderReceivedDate": "Aug-23-2017",
        "source": "Dealer",
        "status": "Received",
        "carePakSku": 93861760,
        "carePakName": "CPPBINO_29845",
        "hardwareSKU": 17938679,
        "hardwareModelName": "EOS Rebel T5 EF-S",
        "serial": 168649,
        "receipt": 665143,
        "picture": "<a onclick=\"showReceiptModal()\"><i class=\"icon-receipt\"></i></a>",
        "purchaseDate": "10/16/2017",
        "term": 15,
        "expDate": "Jul-11-2018",
        "activationCode": "MSPDA12A",
        "canonCpo": "PR40547",
        "canonInvoice": 44106149,
        "firstName": "Sandoval",
        "lastName": "Hess",
        "email": "sandoval.hess@zialactic.ca",
        "phone": "956-546-3013",
        "edit": "<a href=\"#\" onclick=\"showEditCustomerModal(168649, 'Sandoval', 'Hess', 'sandoval.hess@zialactic.ca', '956-546-3013')\">EDIT</a>",
        "checked": false
      },
      {
        "sellTo": "PR35",
        "dealerName": "MEMORA",
        "orderReceivedDate": "Aug-26-2014",
        "source": "Customer",
        "status": "In Process",
        "carePakSku": 7456356,
        "carePakName": "CPPBINO_9836",
        "hardwareSKU": 56019087,
        "hardwareModelName": "PIXMA TS302",
        "serial": 720857,
        "receipt": 277993,
        "picture": "<a onclick=\"showReceiptModal()\"><i class=\"icon-receipt\"></i></a>",
        "purchaseDate": "06/17/2016",
        "term": 12,
        "expDate": "Jul-8-2018",
        "activationCode": "ESPDA85NF",
        "canonCpo": "PR35987",
        "canonInvoice": 17137856,
        "firstName": "Meyer",
        "lastName": "Morrow",
        "email": "meyer.morrow@memora.org",
        "phone": "856-488-3031",
        "edit": "<a href=\"#\" onclick=\"showEditCustomerModal(720857, 'Meyer', 'Morrow', 'meyer.morrow@memora.org', '856-488-3031')\">EDIT</a>",
        "checked": false
      },
      {
        "sellTo": "PR05",
        "dealerName": "ZOGAK",
        "orderReceivedDate": "Jan-6-2017",
        "source": "Customer",
        "status": "Received",
        "carePakSku": 88544390,
        "carePakName": "CPPBINO_9836",
        "hardwareSKU": 14082904,
        "hardwareModelName": "PIXMA TS302",
        "serial": 235916,
        "receipt": 942529,
        "picture": "<a onclick=\"showReceiptModal()\"><i class=\"icon-receipt\"></i></a>",
        "purchaseDate": "09/22/2015",
        "term": 1,
        "expDate": "Jul-14-2018",
        "activationCode": "MSPDA12A",
        "canonCpo": "PR05465",
        "canonInvoice": 51078708,
        "firstName": "Thomas",
        "lastName": "Moon",
        "email": "thomas.moon@zogak.us",
        "phone": "868-507-2467",
        "edit": "<a href=\"#\" onclick=\"showEditCustomerModal(235916, 'Thomas', 'Moon', 'thomas.moon@zogak.us', '868-507-2467')\">EDIT</a>",
        "checked": false
      },
      {
        "sellTo": "PR45",
        "dealerName": "DREAMIA",
        "orderReceivedDate": "Dec-13-2017",
        "source": "Dealer",
        "status": "In Process",
        "carePakSku": 29364077,
        "carePakName": "CPPBINO_9836",
        "hardwareSKU": 97690414,
        "hardwareModelName": "Canon imagePROGRAF iPF670E Printer Stand",
        "serial": 119437,
        "receipt": 602018,
        "picture": "<a onclick=\"showReceiptModal()\"><i class=\"icon-receipt\"></i></a>",
        "purchaseDate": "05/02/2015",
        "term": 7,
        "expDate": "Jul-17-2018",
        "activationCode": "ESPDAR543G",
        "canonCpo": "PR45817",
        "canonInvoice": 92785633,
        "firstName": "Mamie",
        "lastName": "Burris",
        "email": "mamie.burris@dreamia.name",
        "phone": "960-524-2648",
        "edit": "<a href=\"#\" onclick=\"showEditCustomerModal(119437, 'Mamie', 'Burris', 'mamie.burris@dreamia.name', '960-524-2648')\">EDIT</a>",
        "checked": false
      },
      {
        "sellTo": "PR55",
        "dealerName": "FRENEX",
        "orderReceivedDate": "Jul-5-2015",
        "source": "Customer",
        "status": "Invoiced",
        "carePakSku": 42424972,
        "carePakName": "CRRLINO_0504",
        "hardwareSKU": 27148511,
        "hardwareModelName": "Speedlite 430EX III-RT",
        "serial": 659167,
        "receipt": 225631,
        "picture": "<a onclick=\"showReceiptModal()\"><i class=\"icon-receipt\"></i></a>",
        "purchaseDate": "03/09/2016",
        "term": 20,
        "expDate": "Jul-2-2018",
        "activationCode": "ESPDA85NF",
        "canonCpo": "PR55291",
        "canonInvoice": 63037599,
        "firstName": "Christian",
        "lastName": "Velasquez",
        "email": "christian.velasquez@frenex.net",
        "phone": "947-541-3144",
        "edit": "<a href=\"#\" onclick=\"showEditCustomerModal(659167, 'Christian', 'Velasquez', 'christian.velasquez@frenex.net', '947-541-3144')\">EDIT</a>",
        "checked": false
      },
      {
        "sellTo": "PR50",
        "dealerName": "MOREGANIC",
        "orderReceivedDate": "Aug-2-2017",
        "source": "Customer",
        "status": "Registered",
        "carePakSku": 52579186,
        "carePakName": "CPPBINO_9836",
        "hardwareSKU": 10055209,
        "hardwareModelName": "Canon imagePROGRAF iPF670E Printer Stand",
        "serial": 791615,
        "receipt": 873805,
        "picture": "<a onclick=\"showReceiptModal()\"><i class=\"icon-receipt\"></i></a>",
        "purchaseDate": "05/01/2016",
        "term": 3,
        "expDate": "Jul-15-2018",
        "activationCode": "MSPDA12A",
        "canonCpo": "PR50618",
        "canonInvoice": 40084820,
        "firstName": "Ethel",
        "lastName": "Reese",
        "email": "ethel.reese@moreganic.me",
        "phone": "908-535-2477",
        "edit": "<a href=\"#\" onclick=\"showEditCustomerModal(791615, 'Ethel', 'Reese', 'ethel.reese@moreganic.me', '908-535-2477')\">EDIT</a>",
        "checked": false
      },
      {
        "sellTo": "PR35",
        "dealerName": "STRALOY",
        "orderReceivedDate": "Feb-26-2014",
        "source": "Customer",
        "status": "Email Sent",
        "carePakSku": 81583072,
        "carePakName": "CPPBINO_29845",
        "hardwareSKU": 19559113,
        "hardwareModelName": "EOS Rebel T5 EF-S",
        "serial": 889113,
        "receipt": 852734,
        "picture": "<a onclick=\"showReceiptModal()\"><i class=\"icon-receipt\"></i></a>",
        "purchaseDate": "11/27/2017",
        "term": 5,
        "expDate": "Jul-13-2018",
        "activationCode": "OTHER",
        "canonCpo": "PR35268",
        "canonInvoice": 84720052,
        "firstName": "Ines",
        "lastName": "Wolf",
        "email": "ines.wolf@straloy.biz",
        "phone": "819-545-3785",
        "edit": "<a href=\"#\" onclick=\"showEditCustomerModal(889113, 'Ines', 'Wolf', 'ines.wolf@straloy.biz', '819-545-3785')\">EDIT</a>",
        "checked": false
      },
      {
        "sellTo": "PR25",
        "dealerName": "OTHERSIDE",
        "orderReceivedDate": "Jun-1-2014",
        "source": "Customer",
        "status": "Failed",
        "carePakSku": 95468026,
        "carePakName": "CPPBINO_2894",
        "hardwareSKU": 8494408,
        "hardwareModelName": "Canon imagePROGRAF iPF670E Printer Stand",
        "serial": 252859,
        "receipt": 490003,
        "picture": "<a onclick=\"showReceiptModal()\"><i class=\"icon-receipt\"></i></a>",
        "purchaseDate": "04/24/2018",
        "term": 6,
        "expDate": "Jul-8-2018",
        "activationCode": "ESPDAR543G",
        "canonCpo": "PR25515",
        "canonInvoice": 98761558,
        "firstName": "Turner",
        "lastName": "Young",
        "email": "turner.young@otherside.tv",
        "phone": "964-546-2829",
        "edit": "<a href=\"#\" onclick=\"showEditCustomerModal(252859, 'Turner', 'Young', 'turner.young@otherside.tv', '964-546-2829')\">EDIT</a>",
        "checked": false
      },
      {
        "sellTo": "PR15",
        "dealerName": "IDEALIS",
        "orderReceivedDate": "Oct-18-2015",
        "source": "Dealer",
        "status": "Email Not Sent",
        "carePakSku": 10614779,
        "carePakName": "CPPBINO_0504",
        "hardwareSKU": 81205855,
        "hardwareModelName": "EOS Rebel T5 EF-S",
        "serial": 282119,
        "receipt": 994886,
        "picture": "<a onclick=\"showReceiptModal()\"><i class=\"icon-receipt\"></i></a>",
        "purchaseDate": "02/22/2016",
        "term": 12,
        "expDate": "Jul-13-2018",
        "activationCode": "ESPDAR543G",
        "canonCpo": "PR15393",
        "canonInvoice": 54191528,
        "firstName": "Williamson",
        "lastName": "Paul",
        "email": "williamson.paul@idealis.co.uk",
        "phone": "953-565-2908",
        "edit": "<a href=\"#\" onclick=\"showEditCustomerModal(282119, 'Williamson', 'Paul', 'williamson.paul@idealis.co.uk', '953-565-2908')\">EDIT</a>",
        "checked": false
      },
      {
        "sellTo": "PR45",
        "dealerName": "PHARMACON",
        "orderReceivedDate": "Jul-26-2015",
        "source": "Customer",
        "status": "Received",
        "carePakSku": 63269444,
        "carePakName": "CPPBINO_2894",
        "hardwareSKU": 69665073,
        "hardwareModelName": "PowerShot G3 X",
        "serial": 736120,
        "receipt": 662985,
        "picture": "<a onclick=\"showReceiptModal()\"><i class=\"icon-receipt\"></i></a>",
        "purchaseDate": "05/13/2014",
        "term": 14,
        "expDate": "Jul-12-2018",
        "activationCode": "MSPDAR87B",
        "canonCpo": "PR45891",
        "canonInvoice": 84804865,
        "firstName": "Eugenia",
        "lastName": "Willis",
        "email": "eugenia.willis@pharmacon.io",
        "phone": "901-471-2091",
        "edit": "<a href=\"#\" onclick=\"showEditCustomerModal(736120, 'Eugenia', 'Willis', 'eugenia.willis@pharmacon.io', '901-471-2091')\">EDIT</a>",
        "checked": false
      },
      {
        "sellTo": "PR55",
        "dealerName": "PYRAMI",
        "orderReceivedDate": "Sep-21-2015",
        "source": "Dealer",
        "status": "Email Not Sent",
        "carePakSku": 41661517,
        "carePakName": "CRRLINO_0504",
        "hardwareSKU": 56762063,
        "hardwareModelName": "PowerShot G3 X",
        "serial": 789816,
        "receipt": 433480,
        "picture": "<a onclick=\"showReceiptModal()\"><i class=\"icon-receipt\"></i></a>",
        "purchaseDate": "06/13/2017",
        "term": 5,
        "expDate": "Jul-13-2018",
        "activationCode": "MSPDAR87B",
        "canonCpo": "PR55141",
        "canonInvoice": 54195482,
        "firstName": "Dawson",
        "lastName": "Combs",
        "email": "dawson.combs@pyrami.info",
        "phone": "802-590-3946",
        "edit": "<a href=\"#\" onclick=\"showEditCustomerModal(789816, 'Dawson', 'Combs', 'dawson.combs@pyrami.info', '802-590-3946')\">EDIT</a>",
        "checked": false
      },
      {
        "sellTo": "PR40",
        "dealerName": "PERMADYNE",
        "orderReceivedDate": "Feb-18-2018",
        "source": "Customer",
        "status": "Email Sent",
        "carePakSku": 1792492,
        "carePakName": "CPPBINO_2894",
        "hardwareSKU": 6378774,
        "hardwareModelName": "PIXMA TS302",
        "serial": 540966,
        "receipt": 450314,
        "picture": "<a onclick=\"showReceiptModal()\"><i class=\"icon-receipt\"></i></a>",
        "purchaseDate": "01/08/2016",
        "term": 1,
        "expDate": "Jul-12-2018",
        "activationCode": "MSPDAR87B",
        "canonCpo": "PR40655",
        "canonInvoice": 90187671,
        "firstName": "Tammy",
        "lastName": "Potter",
        "email": "tammy.potter@permadyne.biz",
        "phone": "944-455-3372",
        "edit": "<a href=\"#\" onclick=\"showEditCustomerModal(540966, 'Tammy', 'Potter', 'tammy.potter@permadyne.biz', '944-455-3372')\">EDIT</a>",
        "checked": false
      },
      {
        "sellTo": "PR25",
        "dealerName": "VALPREAL",
        "orderReceivedDate": "Jun-2-2017",
        "source": "Customer",
        "status": "In Process",
        "carePakSku": 14770597,
        "carePakName": "CPPBINO_29845",
        "hardwareSKU": 36207376,
        "hardwareModelName": "Speedlite 430EX III-RT",
        "serial": 813777,
        "receipt": 945944,
        "picture": "<a onclick=\"showReceiptModal()\"><i class=\"icon-receipt\"></i></a>",
        "purchaseDate": "01/10/2017",
        "term": 1,
        "expDate": "Jul-16-2018",
        "activationCode": "ESPDAR543G",
        "canonCpo": "PR2576",
        "canonInvoice": 13755827,
        "firstName": "Nolan",
        "lastName": "Burks",
        "email": "nolan.burks@valpreal.ca",
        "phone": "964-562-2483",
        "edit": "<a href=\"#\" onclick=\"showEditCustomerModal(813777, 'Nolan', 'Burks', 'nolan.burks@valpreal.ca', '964-562-2483')\">EDIT</a>",
        "checked": false
      },
      {
        "sellTo": "PR30",
        "dealerName": "FIBEROX",
        "orderReceivedDate": "Dec-26-2014",
        "source": "Customer",
        "status": "Registered",
        "carePakSku": 71951985,
        "carePakName": "CPPBINO_9836",
        "hardwareSKU": 27662369,
        "hardwareModelName": "PowerShot G3 X",
        "serial": 932938,
        "receipt": 512046,
        "picture": "<a onclick=\"showReceiptModal()\"><i class=\"icon-receipt\"></i></a>",
        "purchaseDate": "01/21/2018",
        "term": 21,
        "expDate": "Jul-3-2018",
        "activationCode": "MSPDA12A",
        "canonCpo": "PR30657",
        "canonInvoice": 73802052,
        "firstName": "Alicia",
        "lastName": "King",
        "email": "alicia.king@fiberox.org",
        "phone": "920-416-3708",
        "edit": "<a href=\"#\" onclick=\"showEditCustomerModal(932938, 'Alicia', 'King', 'alicia.king@fiberox.org', '920-416-3708')\">EDIT</a>",
        "checked": false
      },
      {
        "sellTo": "PR45",
        "dealerName": "MEDICROIX",
        "orderReceivedDate": "Feb-12-2014",
        "source": "Customer",
        "status": "Email Sent",
        "carePakSku": 2706236,
        "carePakName": "CRRLINO_0504",
        "hardwareSKU": 68617023,
        "hardwareModelName": "EOS Rebel T5 EF-S",
        "serial": 135196,
        "receipt": 790070,
        "picture": "<a onclick=\"showReceiptModal()\"><i class=\"icon-receipt\"></i></a>",
        "purchaseDate": "03/03/2017",
        "term": 9,
        "expDate": "Jul-2-2018",
        "activationCode": "MSPDAR87B",
        "canonCpo": "PR45198",
        "canonInvoice": 26126271,
        "firstName": "Queen",
        "lastName": "Mcleod",
        "email": "queen.mcleod@medicroix.us",
        "phone": "872-534-2745",
        "edit": "<a href=\"#\" onclick=\"showEditCustomerModal(135196, 'Queen', 'Mcleod', 'queen.mcleod@medicroix.us', '872-534-2745')\">EDIT</a>",
        "checked": false
      }
    ]
  }