{
    "data": [
      {
        "carePakType": "CarePAK Plus",
        "carePakSku": 4241282341,
        "carePakSkuName": "CPPBINO_9836",
        "order": 0,
        "productGroup": "Film",
        "level2Code": "A9",
        "dataRecovery": false,
        "prefix": "MSPDA",
        "term": 13,
        "waitingPeriod": 3,
        "edit": "<a href=\"#\" onclick=\"showEditSkuModal('CarePAK Plus', 4241282341, 'CPPBINO_9836', 'Film', 'A9', false, 'MSPDA', 13, '3')\">EDIT</a>"
      },
      {
        "carePakType": "CarePAK Plus",
        "carePakSku": 3353996417,
        "carePakSkuName": "CRRLINO_0504",
        "order": 0,
        "productGroup": "Medical",
        "level2Code": "A9",
        "dataRecovery": true,
        "prefix": "MSPDAR",
        "term": 60,
        "waitingPeriod": 257,
        "edit": "<a href=\"#\" onclick=\"showEditSkuModal('CarePAK Plus', 3353996417, 'CRRLINO_0504', 'Medical', 'A9', true, 'MSPDAR', 60, '257')\">EDIT</a>"
      },
      {
        "carePakType": "CarePAK Plus",
        "carePakSku": 8669465468,
        "carePakSkuName": "CPPBINO_9836",
        "order": 0,
        "productGroup": "Camera",
        "level2Code": "B3",
        "dataRecovery": false,
        "prefix": "ESPDA",
        "term": 36,
        "waitingPeriod": 24,
        "edit": "<a href=\"#\" onclick=\"showEditSkuModal('CarePAK Plus', 8669465468, 'CPPBINO_9836', 'Camera', 'B3', false, 'ESPDA', 36, '24')\">EDIT</a>"
      },
      {
        "carePakType": "CarePAK Plus",
        "carePakSku": 1358103436,
        "carePakSkuName": "CPPBINO_2894",
        "order": 0,
        "productGroup": "Film",
        "level2Code": "B3",
        "dataRecovery": false,
        "prefix": "ESPDA",
        "term": 60,
        "waitingPeriod": 358,
        "edit": "<a href=\"#\" onclick=\"showEditSkuModal('CarePAK Plus', 1358103436, 'CPPBINO_2894', 'Film', 'B3', false, 'ESPDA', 60, '358')\">EDIT</a>"
      },
      {
        "carePakType": "CarePAK Plus",
        "carePakSku": 9256097600,
        "carePakSkuName": "CRRLINO_0504",
        "order": 0,
        "productGroup": "Printer",
        "level2Code": "C5",
        "dataRecovery": false,
        "prefix": "OTHER",
        "term": 36,
        "waitingPeriod": 350,
        "edit": "<a href=\"#\" onclick=\"showEditSkuModal('CarePAK Plus', 9256097600, 'CRRLINO_0504', 'Printer', 'C5', false, 'OTHER', 36, '350')\">EDIT</a>"
      },
      {
        "carePakType": "CarePAK Plus",
        "carePakSku": 9154384933,
        "carePakSkuName": "CPPBINO_2894",
        "order": 0,
        "productGroup": "Camera",
        "level2Code": "A2",
        "dataRecovery": false,
        "prefix": "MSPDAR",
        "term": 48,
        "waitingPeriod": 270,
        "edit": "<a href=\"#\" onclick=\"showEditSkuModal('CarePAK Plus', 9154384933, 'CPPBINO_2894', 'Camera', 'A2', false, 'MSPDAR', 48, '270')\">EDIT</a>"
      },
      {
        "carePakType": "CarePAK Plus",
        "carePakSku": 8461145088,
        "carePakSkuName": "CPPBINO_0504",
        "order": 0,
        "productGroup": "Medical",
        "level2Code": "A2",
        "dataRecovery": false,
        "prefix": "ESPDAR",
        "term": 36,
        "waitingPeriod": 221,
        "edit": "<a href=\"#\" onclick=\"showEditSkuModal('CarePAK Plus', 8461145088, 'CPPBINO_0504', 'Medical', 'A2', false, 'ESPDAR', 36, '221')\">EDIT</a>"
      },
      {
        "carePakType": "CarePAK Plus",
        "carePakSku": 8868245392,
        "carePakSkuName": "CPPBINO_2894",
        "order": 0,
        "productGroup": "Binoculars",
        "level2Code": "B3",
        "dataRecovery": true,
        "prefix": "MSPDA",
        "term": 60,
        "waitingPeriod": 318,
        "edit": "<a href=\"#\" onclick=\"showEditSkuModal('CarePAK Plus', 8868245392, 'CPPBINO_2894', 'Binoculars', 'B3', true, 'MSPDA', 60, '318')\">EDIT</a>"
      },
      {
        "carePakType": "CarePAK Plus",
        "carePakSku": 8848597551,
        "carePakSkuName": "CPPBINO_9836",
        "order": 0,
        "productGroup": "Printer",
        "level2Code": "C5",
        "dataRecovery": true,
        "prefix": "ESPDA",
        "term": 60,
        "waitingPeriod": 118,
        "edit": "<a href=\"#\" onclick=\"showEditSkuModal('CarePAK Plus', 8848597551, 'CPPBINO_9836', 'Printer', 'C5', true, 'ESPDA', 60, '118')\">EDIT</a>"
      },
      {
        "carePakType": "CarePAK Plus",
        "carePakSku": 5202086202,
        "carePakSkuName": "CPPBINO_0504",
        "order": 0,
        "productGroup": "Camera",
        "level2Code": "B3",
        "dataRecovery": true,
        "prefix": "ESPDA",
        "term": 60,
        "waitingPeriod": 268,
        "edit": "<a href=\"#\" onclick=\"showEditSkuModal('CarePAK Plus', 5202086202, 'CPPBINO_0504', 'Camera', 'B3', true, 'ESPDA', 60, '268')\">EDIT</a>"
      },
      {
        "carePakType": "CarePAK Plus",
        "carePakSku": 8798975434,
        "carePakSkuName": "CPPBINO_9836",
        "order": 0,
        "productGroup": "Film",
        "level2Code": "A9",
        "dataRecovery": true,
        "prefix": "OTHER",
        "term": 13,
        "waitingPeriod": 273,
        "edit": "<a href=\"#\" onclick=\"showEditSkuModal('CarePAK Plus', 8798975434, 'CPPBINO_9836', 'Film', 'A9', true, 'OTHER', 13, '273')\">EDIT</a>"
      },
      {
        "carePakType": "CarePAK Plus",
        "carePakSku": 4115376086,
        "carePakSkuName": "CPPBINO_29845",
        "order": 0,
        "productGroup": "Film",
        "level2Code": "A9",
        "dataRecovery": false,
        "prefix": "OTHER",
        "term": 13,
        "waitingPeriod": 38,
        "edit": "<a href=\"#\" onclick=\"showEditSkuModal('CarePAK Plus', 4115376086, 'CPPBINO_29845', 'Film', 'A9', false, 'OTHER', 13, '38')\">EDIT</a>"
      },
      {
        "carePakType": "CarePAK Plus",
        "carePakSku": 3138270499,
        "carePakSkuName": "CPPBINO_9836",
        "order": 0,
        "productGroup": "Film",
        "level2Code": "A9",
        "dataRecovery": true,
        "prefix": "OTHER",
        "term": 49,
        "waitingPeriod": 304,
        "edit": "<a href=\"#\" onclick=\"showEditSkuModal('CarePAK Plus', 3138270499, 'CPPBINO_9836', 'Film', 'A9', true, 'OTHER', 49, '304')\">EDIT</a>"
      },
      {
        "carePakType": "CarePAK Plus",
        "carePakSku": 4686597419,
        "carePakSkuName": "CPPBINO_2894",
        "order": 0,
        "productGroup": "Camera",
        "level2Code": "A9",
        "dataRecovery": true,
        "prefix": "MSPDAR",
        "term": 49,
        "waitingPeriod": 19,
        "edit": "<a href=\"#\" onclick=\"showEditSkuModal('CarePAK Plus', 4686597419, 'CPPBINO_2894', 'Camera', 'A9', true, 'MSPDAR', 49, '19')\">EDIT</a>"
      },
      {
        "carePakType": "CarePAK Plus",
        "carePakSku": 4318539092,
        "carePakSkuName": "CPPBINO_9836",
        "order": 0,
        "productGroup": "Printer",
        "level2Code": "C5",
        "dataRecovery": false,
        "prefix": "MSPDAR",
        "term": 48,
        "waitingPeriod": 274,
        "edit": "<a href=\"#\" onclick=\"showEditSkuModal('CarePAK Plus', 4318539092, 'CPPBINO_9836', 'Printer', 'C5', false, 'MSPDAR', 48, '274')\">EDIT</a>"
      },
      {
        "carePakType": "CarePAK Plus",
        "carePakSku": 5542230588,
        "carePakSkuName": "CPPBINO_0504",
        "order": 0,
        "productGroup": "Printer",
        "level2Code": "B3",
        "dataRecovery": true,
        "prefix": "ESPDA",
        "term": 24,
        "waitingPeriod": 217,
        "edit": "<a href=\"#\" onclick=\"showEditSkuModal('CarePAK Plus', 5542230588, 'CPPBINO_0504', 'Printer', 'B3', true, 'ESPDA', 24, '217')\">EDIT</a>"
      },
      {
        "carePakType": "CarePAK Plus",
        "carePakSku": 1303404772,
        "carePakSkuName": "CPPBINO_0504",
        "order": 0,
        "productGroup": "Binoculars",
        "level2Code": "A9",
        "dataRecovery": true,
        "prefix": "ESPDA",
        "term": 24,
        "waitingPeriod": 338,
        "edit": "<a href=\"#\" onclick=\"showEditSkuModal('CarePAK Plus', 1303404772, 'CPPBINO_0504', 'Binoculars', 'A9', true, 'ESPDA', 24, '338')\">EDIT</a>"
      },
      {
        "carePakType": "CarePAK Plus",
        "carePakSku": 8184052892,
        "carePakSkuName": "CPPBINO_9836",
        "order": 0,
        "productGroup": "Medical",
        "level2Code": "A2",
        "dataRecovery": false,
        "prefix": "OTHER",
        "term": 60,
        "waitingPeriod": 139,
        "edit": "<a href=\"#\" onclick=\"showEditSkuModal('CarePAK Plus', 8184052892, 'CPPBINO_9836', 'Medical', 'A2', false, 'OTHER', 60, '139')\">EDIT</a>"
      },
      {
        "carePakType": "CarePAK Plus",
        "carePakSku": 3940392571,
        "carePakSkuName": "CRRLINO_0504",
        "order": 0,
        "productGroup": "Film",
        "level2Code": "B3",
        "dataRecovery": false,
        "prefix": "OTHER",
        "term": 36,
        "waitingPeriod": 50,
        "edit": "<a href=\"#\" onclick=\"showEditSkuModal('CarePAK Plus', 3940392571, 'CRRLINO_0504', 'Film', 'B3', false, 'OTHER', 36, '50')\">EDIT</a>"
      },
      {
        "carePakType": "CarePAK Plus",
        "carePakSku": 9385573057,
        "carePakSkuName": "CPPBINO_29845",
        "order": 0,
        "productGroup": "Printer",
        "level2Code": "A9",
        "dataRecovery": false,
        "prefix": "ESPDA",
        "term": 48,
        "waitingPeriod": 309,
        "edit": "<a href=\"#\" onclick=\"showEditSkuModal('CarePAK Plus', 9385573057, 'CPPBINO_29845', 'Printer', 'A9', false, 'ESPDA', 48, '309')\">EDIT</a>"
      },
      {
        "carePakType": "CarePAK Plus",
        "carePakSku": 8328666647,
        "carePakSkuName": "CPPBINO_0504",
        "order": 0,
        "productGroup": "Film",
        "level2Code": "A9",
        "dataRecovery": false,
        "prefix": "ESPDAR",
        "term": 37,
        "waitingPeriod": 87,
        "edit": "<a href=\"#\" onclick=\"showEditSkuModal('CarePAK Plus', 8328666647, 'CPPBINO_0504', 'Film', 'A9', false, 'ESPDAR', 37, '87')\">EDIT</a>"
      },
      {
        "carePakType": "CarePAK Plus",
        "carePakSku": 990480911,
        "carePakSkuName": "CPPBINO_2894",
        "order": 0,
        "productGroup": "Binoculars",
        "level2Code": "B3",
        "dataRecovery": false,
        "prefix": "MSPDA",
        "term": 60,
        "waitingPeriod": 39,
        "edit": "<a href=\"#\" onclick=\"showEditSkuModal('CarePAK Plus', 990480911, 'CPPBINO_2894', 'Binoculars', 'B3', false, 'MSPDA', 60, '39')\">EDIT</a>"
      },
      {
        "carePakType": "CarePAK Plus",
        "carePakSku": 934564901,
        "carePakSkuName": "CPPBINO_29845",
        "order": 0,
        "productGroup": "Binoculars",
        "level2Code": "A9",
        "dataRecovery": true,
        "prefix": "ESPDA",
        "term": 37,
        "waitingPeriod": 29,
        "edit": "<a href=\"#\" onclick=\"showEditSkuModal('CarePAK Plus', 934564901, 'CPPBINO_29845', 'Binoculars', 'A9', true, 'ESPDA', 37, '29')\">EDIT</a>"
      },
      {
        "carePakType": "CarePAK Plus",
        "carePakSku": 2744306055,
        "carePakSkuName": "CPPBINO_2894",
        "order": 0,
        "productGroup": "Film",
        "level2Code": "B3",
        "dataRecovery": true,
        "prefix": "MSPDA",
        "term": 36,
        "waitingPeriod": 349,
        "edit": "<a href=\"#\" onclick=\"showEditSkuModal('CarePAK Plus', 2744306055, 'CPPBINO_2894', 'Film', 'B3', true, 'MSPDA', 36, '349')\">EDIT</a>"
      },
      {
        "carePakType": "CarePAK Plus",
        "carePakSku": 2667577692,
        "carePakSkuName": "CRRLINO_0504",
        "order": 0,
        "productGroup": "Binoculars",
        "level2Code": "B3",
        "dataRecovery": false,
        "prefix": "MSPDA",
        "term": 13,
        "waitingPeriod": 9,
        "edit": "<a href=\"#\" onclick=\"showEditSkuModal('CarePAK Plus', 2667577692, 'CRRLINO_0504', 'Binoculars', 'B3', false, 'MSPDA', 13, '9')\">EDIT</a>"
      },
      {
        "carePakType": "CarePAK Plus",
        "carePakSku": 4179641278,
        "carePakSkuName": "CPPBINO_2894",
        "order": 0,
        "productGroup": "Printer",
        "level2Code": "B3",
        "dataRecovery": true,
        "prefix": "MSPDA",
        "term": 13,
        "waitingPeriod": 335,
        "edit": "<a href=\"#\" onclick=\"showEditSkuModal('CarePAK Plus', 4179641278, 'CPPBINO_2894', 'Printer', 'B3', true, 'MSPDA', 13, '335')\">EDIT</a>"
      },
      {
        "carePakType": "CarePAK Plus",
        "carePakSku": 400223689,
        "carePakSkuName": "CPPBINO_0504",
        "order": 0,
        "productGroup": "Printer",
        "level2Code": "B3",
        "dataRecovery": true,
        "prefix": "MSPDAR",
        "term": 13,
        "waitingPeriod": 94,
        "edit": "<a href=\"#\" onclick=\"showEditSkuModal('CarePAK Plus', 400223689, 'CPPBINO_0504', 'Printer', 'B3', true, 'MSPDAR', 13, '94')\">EDIT</a>"
      },
      {
        "carePakType": "CarePAK Plus",
        "carePakSku": 5659464844,
        "carePakSkuName": "CPPBINO_0504",
        "order": 0,
        "productGroup": "Film",
        "level2Code": "A9",
        "dataRecovery": false,
        "prefix": "ESPDAR",
        "term": 49,
        "waitingPeriod": 291,
        "edit": "<a href=\"#\" onclick=\"showEditSkuModal('CarePAK Plus', 5659464844, 'CPPBINO_0504', 'Film', 'A9', false, 'ESPDAR', 49, '291')\">EDIT</a>"
      },
      {
        "carePakType": "CarePAK Plus",
        "carePakSku": 1361239845,
        "carePakSkuName": "CPPBINO_0504",
        "order": 0,
        "productGroup": "Camera",
        "level2Code": "A2",
        "dataRecovery": false,
        "prefix": "ESPDA",
        "term": 37,
        "waitingPeriod": 361,
        "edit": "<a href=\"#\" onclick=\"showEditSkuModal('CarePAK Plus', 1361239845, 'CPPBINO_0504', 'Camera', 'A2', false, 'ESPDA', 37, '361')\">EDIT</a>"
      },
      {
        "carePakType": "CarePAK Plus",
        "carePakSku": 5739454509,
        "carePakSkuName": "CPPBINO_0504",
        "order": 0,
        "productGroup": "Film",
        "level2Code": "C5",
        "dataRecovery": true,
        "prefix": "ESPDA",
        "term": 37,
        "waitingPeriod": 54,
        "edit": "<a href=\"#\" onclick=\"showEditSkuModal('CarePAK Plus', 5739454509, 'CPPBINO_0504', 'Film', 'C5', true, 'ESPDA', 37, '54')\">EDIT</a>"
      },
      {
        "carePakType": "CarePAK Plus",
        "carePakSku": 607393673,
        "carePakSkuName": "CPPBINO_9836",
        "order": 0,
        "productGroup": "Medical",
        "level2Code": "B3",
        "dataRecovery": true,
        "prefix": "ESPDA",
        "term": 13,
        "waitingPeriod": 88,
        "edit": "<a href=\"#\" onclick=\"showEditSkuModal('CarePAK Plus', 607393673, 'CPPBINO_9836', 'Medical', 'B3', true, 'ESPDA', 13, '88')\">EDIT</a>"
      },
      {
        "carePakType": "CarePAK Plus",
        "carePakSku": 3220676622,
        "carePakSkuName": "CPPBINO_29845",
        "order": 0,
        "productGroup": "Camera",
        "level2Code": "A9",
        "dataRecovery": false,
        "prefix": "MSPDA",
        "term": 24,
        "waitingPeriod": 357,
        "edit": "<a href=\"#\" onclick=\"showEditSkuModal('CarePAK Plus', 3220676622, 'CPPBINO_29845', 'Camera', 'A9', false, 'MSPDA', 24, '357')\">EDIT</a>"
      },
      {
        "carePakType": "CarePAK Plus",
        "carePakSku": 7122002446,
        "carePakSkuName": "CPPBINO_0504",
        "order": 0,
        "productGroup": "Binoculars",
        "level2Code": "B3",
        "dataRecovery": false,
        "prefix": "ESPDAR",
        "term": 48,
        "waitingPeriod": 329,
        "edit": "<a href=\"#\" onclick=\"showEditSkuModal('CarePAK Plus', 7122002446, 'CPPBINO_0504', 'Binoculars', 'B3', false, 'ESPDAR', 48, '329')\">EDIT</a>"
      },
      {
        "carePakType": "CarePAK Plus",
        "carePakSku": 7441701663,
        "carePakSkuName": "CPPBINO_9836",
        "order": 0,
        "productGroup": "Camera",
        "level2Code": "A2",
        "dataRecovery": true,
        "prefix": "ESPDA",
        "term": 36,
        "waitingPeriod": 120,
        "edit": "<a href=\"#\" onclick=\"showEditSkuModal('CarePAK Plus', 7441701663, 'CPPBINO_9836', 'Camera', 'A2', true, 'ESPDA', 36, '120')\">EDIT</a>"
      },
      {
        "carePakType": "CarePAK Plus",
        "carePakSku": 9658289785,
        "carePakSkuName": "CPPBINO_29845",
        "order": 0,
        "productGroup": "Medical",
        "level2Code": "C5",
        "dataRecovery": true,
        "prefix": "MSPDAR",
        "term": 49,
        "waitingPeriod": 93,
        "edit": "<a href=\"#\" onclick=\"showEditSkuModal('CarePAK Plus', 9658289785, 'CPPBINO_29845', 'Medical', 'C5', true, 'MSPDAR', 49, '93')\">EDIT</a>"
      },
      {
        "carePakType": "CarePAK Plus",
        "carePakSku": 8263785747,
        "carePakSkuName": "CRRLINO_0504",
        "order": 0,
        "productGroup": "Printer",
        "level2Code": "A9",
        "dataRecovery": false,
        "prefix": "MSPDAR",
        "term": 48,
        "waitingPeriod": 314,
        "edit": "<a href=\"#\" onclick=\"showEditSkuModal('CarePAK Plus', 8263785747, 'CRRLINO_0504', 'Printer', 'A9', false, 'MSPDAR', 48, '314')\">EDIT</a>"
      },
      {
        "carePakType": "CarePAK Plus",
        "carePakSku": 1450239435,
        "carePakSkuName": "CPPBINO_0504",
        "order": 0,
        "productGroup": "Binoculars",
        "level2Code": "B3",
        "dataRecovery": true,
        "prefix": "MSPDAR",
        "term": 60,
        "waitingPeriod": 182,
        "edit": "<a href=\"#\" onclick=\"showEditSkuModal('CarePAK Plus', 1450239435, 'CPPBINO_0504', 'Binoculars', 'B3', true, 'MSPDAR', 60, '182')\">EDIT</a>"
      },
      {
        "carePakType": "CarePAK Plus",
        "carePakSku": 9567769715,
        "carePakSkuName": "CRRLINO_0504",
        "order": 0,
        "productGroup": "Printer",
        "level2Code": "C5",
        "dataRecovery": true,
        "prefix": "ESPDAR",
        "term": 60,
        "waitingPeriod": 165,
        "edit": "<a href=\"#\" onclick=\"showEditSkuModal('CarePAK Plus', 9567769715, 'CRRLINO_0504', 'Printer', 'C5', true, 'ESPDAR', 60, '165')\">EDIT</a>"
      },
      {
        "carePakType": "CarePAK Plus",
        "carePakSku": 5206594616,
        "carePakSkuName": "CPPBINO_9836",
        "order": 0,
        "productGroup": "Camera",
        "level2Code": "A9",
        "dataRecovery": false,
        "prefix": "MSPDAR",
        "term": 36,
        "waitingPeriod": 361,
        "edit": "<a href=\"#\" onclick=\"showEditSkuModal('CarePAK Plus', 5206594616, 'CPPBINO_9836', 'Camera', 'A9', false, 'MSPDAR', 36, '361')\">EDIT</a>"
      },
      {
        "carePakType": "CarePAK Plus",
        "carePakSku": 8847897590,
        "carePakSkuName": "CPPBINO_29845",
        "order": 0,
        "productGroup": "Printer",
        "level2Code": "A2",
        "dataRecovery": true,
        "prefix": "ESPDAR",
        "term": 24,
        "waitingPeriod": 165,
        "edit": "<a href=\"#\" onclick=\"showEditSkuModal('CarePAK Plus', 8847897590, 'CPPBINO_29845', 'Printer', 'A2', true, 'ESPDAR', 24, '165')\">EDIT</a>"
      },
      {
        "carePakType": "CarePAK Plus",
        "carePakSku": 9315625882,
        "carePakSkuName": "CPPBINO_0504",
        "order": 0,
        "productGroup": "Binoculars",
        "level2Code": "C5",
        "dataRecovery": true,
        "prefix": "MSPDAR",
        "term": 36,
        "waitingPeriod": 244,
        "edit": "<a href=\"#\" onclick=\"showEditSkuModal('CarePAK Plus', 9315625882, 'CPPBINO_0504', 'Binoculars', 'C5', true, 'MSPDAR', 36, '244')\">EDIT</a>"
      },
      {
        "carePakType": "CarePAK Plus",
        "carePakSku": 740279475,
        "carePakSkuName": "CPPBINO_9836",
        "order": 0,
        "productGroup": "Printer",
        "level2Code": "A2",
        "dataRecovery": true,
        "prefix": "MSPDA",
        "term": 36,
        "waitingPeriod": 155,
        "edit": "<a href=\"#\" onclick=\"showEditSkuModal('CarePAK Plus', 740279475, 'CPPBINO_9836', 'Printer', 'A2', true, 'MSPDA', 36, '155')\">EDIT</a>"
      },
      {
        "carePakType": "CarePAK Plus",
        "carePakSku": 9406658154,
        "carePakSkuName": "CPPBINO_0504",
        "order": 0,
        "productGroup": "Camera",
        "level2Code": "C5",
        "dataRecovery": true,
        "prefix": "MSPDAR",
        "term": 37,
        "waitingPeriod": 63,
        "edit": "<a href=\"#\" onclick=\"showEditSkuModal('CarePAK Plus', 9406658154, 'CPPBINO_0504', 'Camera', 'C5', true, 'MSPDAR', 37, '63')\">EDIT</a>"
      },
      {
        "carePakType": "CarePAK Plus",
        "carePakSku": 9791130556,
        "carePakSkuName": "CPPBINO_29845",
        "order": 0,
        "productGroup": "Film",
        "level2Code": "A9",
        "dataRecovery": true,
        "prefix": "MSPDAR",
        "term": 36,
        "waitingPeriod": 287,
        "edit": "<a href=\"#\" onclick=\"showEditSkuModal('CarePAK Plus', 9791130556, 'CPPBINO_29845', 'Film', 'A9', true, 'MSPDAR', 36, '287')\">EDIT</a>"
      },
      {
        "carePakType": "CarePAK Plus",
        "carePakSku": 8468812376,
        "carePakSkuName": "CPPBINO_29845",
        "order": 0,
        "productGroup": "Printer",
        "level2Code": "B3",
        "dataRecovery": true,
        "prefix": "OTHER",
        "term": 36,
        "waitingPeriod": 181,
        "edit": "<a href=\"#\" onclick=\"showEditSkuModal('CarePAK Plus', 8468812376, 'CPPBINO_29845', 'Printer', 'B3', true, 'OTHER', 36, '181')\">EDIT</a>"
      },
      {
        "carePakType": "CarePAK Plus",
        "carePakSku": 3375354200,
        "carePakSkuName": "CPPBINO_0504",
        "order": 0,
        "productGroup": "Camera",
        "level2Code": "A2",
        "dataRecovery": false,
        "prefix": "ESPDA",
        "term": 13,
        "waitingPeriod": 190,
        "edit": "<a href=\"#\" onclick=\"showEditSkuModal('CarePAK Plus', 3375354200, 'CPPBINO_0504', 'Camera', 'A2', false, 'ESPDA', 13, '190')\">EDIT</a>"
      },
      {
        "carePakType": "CarePAK Plus",
        "carePakSku": 1047015329,
        "carePakSkuName": "CPPBINO_29845",
        "order": 0,
        "productGroup": "Film",
        "level2Code": "B3",
        "dataRecovery": true,
        "prefix": "ESPDAR",
        "term": 48,
        "waitingPeriod": 303,
        "edit": "<a href=\"#\" onclick=\"showEditSkuModal('CarePAK Plus', 1047015329, 'CPPBINO_29845', 'Film', 'B3', true, 'ESPDAR', 48, '303')\">EDIT</a>"
      },
      {
        "carePakType": "CarePAK Plus",
        "carePakSku": 8484735681,
        "carePakSkuName": "CRRLINO_0504",
        "order": 0,
        "productGroup": "Medical",
        "level2Code": "A2",
        "dataRecovery": true,
        "prefix": "ESPDA",
        "term": 36,
        "waitingPeriod": 12,
        "edit": "<a href=\"#\" onclick=\"showEditSkuModal('CarePAK Plus', 8484735681, 'CRRLINO_0504', 'Medical', 'A2', true, 'ESPDA', 36, '12')\">EDIT</a>"
      },
      {
        "carePakType": "CarePAK Plus",
        "carePakSku": 2868761075,
        "carePakSkuName": "CRRLINO_0504",
        "order": 0,
        "productGroup": "Printer",
        "level2Code": "A9",
        "dataRecovery": false,
        "prefix": "MSPDA",
        "term": 48,
        "waitingPeriod": 334,
        "edit": "<a href=\"#\" onclick=\"showEditSkuModal('CarePAK Plus', 2868761075, 'CRRLINO_0504', 'Printer', 'A9', false, 'MSPDA', 48, '334')\">EDIT</a>"
      },
      {
        "carePakType": "CarePAK Plus",
        "carePakSku": 3534321413,
        "carePakSkuName": "CPPBINO_29845",
        "order": 0,
        "productGroup": "Medical",
        "level2Code": "C5",
        "dataRecovery": true,
        "prefix": "MSPDA",
        "term": 36,
        "waitingPeriod": 118,
        "edit": "<a href=\"#\" onclick=\"showEditSkuModal('CarePAK Plus', 3534321413, 'CPPBINO_29845', 'Medical', 'C5', true, 'MSPDA', 36, '118')\">EDIT</a>"
      },
      {
        "carePakType": "CarePAK Plus",
        "carePakSku": 7583212883,
        "carePakSkuName": "CPPBINO_2894",
        "order": 0,
        "productGroup": "Binoculars",
        "level2Code": "C5",
        "dataRecovery": true,
        "prefix": "MSPDAR",
        "term": 37,
        "waitingPeriod": 127,
        "edit": "<a href=\"#\" onclick=\"showEditSkuModal('CarePAK Plus', 7583212883, 'CPPBINO_2894', 'Binoculars', 'C5', true, 'MSPDAR', 37, '127')\">EDIT</a>"
      },
      {
        "carePakType": "CarePAK Plus",
        "carePakSku": 1662354528,
        "carePakSkuName": "CPPBINO_0504",
        "order": 0,
        "productGroup": "Camera",
        "level2Code": "A9",
        "dataRecovery": true,
        "prefix": "MSPDAR",
        "term": 24,
        "waitingPeriod": 314,
        "edit": "<a href=\"#\" onclick=\"showEditSkuModal('CarePAK Plus', 1662354528, 'CPPBINO_0504', 'Camera', 'A9', true, 'MSPDAR', 24, '314')\">EDIT</a>"
      },
      {
        "carePakType": "CarePAK Plus",
        "carePakSku": 7916992975,
        "carePakSkuName": "CPPBINO_0504",
        "order": 0,
        "productGroup": "Film",
        "level2Code": "A9",
        "dataRecovery": false,
        "prefix": "ESPDA",
        "term": 37,
        "waitingPeriod": 234,
        "edit": "<a href=\"#\" onclick=\"showEditSkuModal('CarePAK Plus', 7916992975, 'CPPBINO_0504', 'Film', 'A9', false, 'ESPDA', 37, '234')\">EDIT</a>"
      },
      {
        "carePakType": "CarePAK Plus",
        "carePakSku": 9578317271,
        "carePakSkuName": "CPPBINO_0504",
        "order": 0,
        "productGroup": "Film",
        "level2Code": "A9",
        "dataRecovery": true,
        "prefix": "OTHER",
        "term": 24,
        "waitingPeriod": 360,
        "edit": "<a href=\"#\" onclick=\"showEditSkuModal('CarePAK Plus', 9578317271, 'CPPBINO_0504', 'Film', 'A9', true, 'OTHER', 24, '360')\">EDIT</a>"
      },
      {
        "carePakType": "CarePAK Plus",
        "carePakSku": 2003184789,
        "carePakSkuName": "CPPBINO_0504",
        "order": 0,
        "productGroup": "Binoculars",
        "level2Code": "A2",
        "dataRecovery": false,
        "prefix": "ESPDAR",
        "term": 37,
        "waitingPeriod": 105,
        "edit": "<a href=\"#\" onclick=\"showEditSkuModal('CarePAK Plus', 2003184789, 'CPPBINO_0504', 'Binoculars', 'A2', false, 'ESPDAR', 37, '105')\">EDIT</a>"
      },
      {
        "carePakType": "CarePAK Plus",
        "carePakSku": 4236626492,
        "carePakSkuName": "CPPBINO_2894",
        "order": 0,
        "productGroup": "Printer",
        "level2Code": "A9",
        "dataRecovery": false,
        "prefix": "OTHER",
        "term": 37,
        "waitingPeriod": 149,
        "edit": "<a href=\"#\" onclick=\"showEditSkuModal('CarePAK Plus', 4236626492, 'CPPBINO_2894', 'Printer', 'A9', false, 'OTHER', 37, '149')\">EDIT</a>"
      },
      {
        "carePakType": "CarePAK Plus",
        "carePakSku": 1317402228,
        "carePakSkuName": "CRRLINO_0504",
        "order": 0,
        "productGroup": "Medical",
        "level2Code": "A2",
        "dataRecovery": true,
        "prefix": "ESPDA",
        "term": 24,
        "waitingPeriod": 341,
        "edit": "<a href=\"#\" onclick=\"showEditSkuModal('CarePAK Plus', 1317402228, 'CRRLINO_0504', 'Medical', 'A2', true, 'ESPDA', 24, '341')\">EDIT</a>"
      },
      {
        "carePakType": "CarePAK Plus",
        "carePakSku": 6058202756,
        "carePakSkuName": "CPPBINO_9836",
        "order": 0,
        "productGroup": "Medical",
        "level2Code": "B3",
        "dataRecovery": false,
        "prefix": "OTHER",
        "term": 37,
        "waitingPeriod": 308,
        "edit": "<a href=\"#\" onclick=\"showEditSkuModal('CarePAK Plus', 6058202756, 'CPPBINO_9836', 'Medical', 'B3', false, 'OTHER', 37, '308')\">EDIT</a>"
      },
      {
        "carePakType": "CarePAK Plus",
        "carePakSku": 3673855965,
        "carePakSkuName": "CPPBINO_9836",
        "order": 0,
        "productGroup": "Film",
        "level2Code": "C5",
        "dataRecovery": true,
        "prefix": "OTHER",
        "term": 36,
        "waitingPeriod": 59,
        "edit": "<a href=\"#\" onclick=\"showEditSkuModal('CarePAK Plus', 3673855965, 'CPPBINO_9836', 'Film', 'C5', true, 'OTHER', 36, '59')\">EDIT</a>"
      },
      {
        "carePakType": "CarePAK Plus",
        "carePakSku": 8930592486,
        "carePakSkuName": "CPPBINO_9836",
        "order": 0,
        "productGroup": "Camera",
        "level2Code": "A2",
        "dataRecovery": false,
        "prefix": "ESPDA",
        "term": 24,
        "waitingPeriod": 321,
        "edit": "<a href=\"#\" onclick=\"showEditSkuModal('CarePAK Plus', 8930592486, 'CPPBINO_9836', 'Camera', 'A2', false, 'ESPDA', 24, '321')\">EDIT</a>"
      },
      {
        "carePakType": "CarePAK Plus",
        "carePakSku": 8955874192,
        "carePakSkuName": "CRRLINO_0504",
        "order": 0,
        "productGroup": "Binoculars",
        "level2Code": "C5",
        "dataRecovery": false,
        "prefix": "ESPDA",
        "term": 13,
        "waitingPeriod": 81,
        "edit": "<a href=\"#\" onclick=\"showEditSkuModal('CarePAK Plus', 8955874192, 'CRRLINO_0504', 'Binoculars', 'C5', false, 'ESPDA', 13, '81')\">EDIT</a>"
      },
      {
        "carePakType": "CarePAK Plus",
        "carePakSku": 2972970661,
        "carePakSkuName": "CPPBINO_29845",
        "order": 0,
        "productGroup": "Film",
        "level2Code": "B3",
        "dataRecovery": true,
        "prefix": "ESPDAR",
        "term": 36,
        "waitingPeriod": 131,
        "edit": "<a href=\"#\" onclick=\"showEditSkuModal('CarePAK Plus', 2972970661, 'CPPBINO_29845', 'Film', 'B3', true, 'ESPDAR', 36, '131')\">EDIT</a>"
      },
      {
        "carePakType": "CarePAK Plus",
        "carePakSku": 1465287814,
        "carePakSkuName": "CPPBINO_0504",
        "order": 0,
        "productGroup": "Camera",
        "level2Code": "A2",
        "dataRecovery": true,
        "prefix": "ESPDA",
        "term": 36,
        "waitingPeriod": 152,
        "edit": "<a href=\"#\" onclick=\"showEditSkuModal('CarePAK Plus', 1465287814, 'CPPBINO_0504', 'Camera', 'A2', true, 'ESPDA', 36, '152')\">EDIT</a>"
      },
      {
        "carePakType": "CarePAK Plus",
        "carePakSku": 4051588982,
        "carePakSkuName": "CPPBINO_0504",
        "order": 0,
        "productGroup": "Printer",
        "level2Code": "C5",
        "dataRecovery": false,
        "prefix": "MSPDAR",
        "term": 13,
        "waitingPeriod": 127,
        "edit": "<a href=\"#\" onclick=\"showEditSkuModal('CarePAK Plus', 4051588982, 'CPPBINO_0504', 'Printer', 'C5', false, 'MSPDAR', 13, '127')\">EDIT</a>"
      },
      {
        "carePakType": "CarePAK Plus",
        "carePakSku": 9133865593,
        "carePakSkuName": "CPPBINO_0504",
        "order": 0,
        "productGroup": "Film",
        "level2Code": "B3",
        "dataRecovery": false,
        "prefix": "MSPDAR",
        "term": 13,
        "waitingPeriod": 232,
        "edit": "<a href=\"#\" onclick=\"showEditSkuModal('CarePAK Plus', 9133865593, 'CPPBINO_0504', 'Film', 'B3', false, 'MSPDAR', 13, '232')\">EDIT</a>"
      },
      {
        "carePakType": "CarePAK Plus",
        "carePakSku": 1133959661,
        "carePakSkuName": "CPPBINO_9836",
        "order": 0,
        "productGroup": "Medical",
        "level2Code": "C5",
        "dataRecovery": false,
        "prefix": "OTHER",
        "term": 24,
        "waitingPeriod": 159,
        "edit": "<a href=\"#\" onclick=\"showEditSkuModal('CarePAK Plus', 1133959661, 'CPPBINO_9836', 'Medical', 'C5', false, 'OTHER', 24, '159')\">EDIT</a>"
      }
    ]
}

