{
  "data": [
    {
      "productSku": 528139795,
      "productName": "PowerShot G7 X Mark II",
      "productModel": 94322,
      "order": 0,
      "carePakSku": 8853951513,
      "carePakType": "CarePAK Plus",
      "carePakPeriod": 49,
      "startDate": "01/20/2017",
      "endDate": "04/12/2019",
      "registrationPeriod": 43,
      "edit": "<a href=\"#\" onclick=\"showEditPromotionModal(528139795, 'PowerShot G7 X Mark II', 94322, 8853951513, 'CarePAK Plus', 49, '01/20/2017', '04/12/2019', 43)\">EDIT</a>"
    },
    {
      "productSku": 3883694693,
      "productName": "EOS 80D EF-S 18-135mm f/3.5-5.6 IS USM Lens Kit",
      "productModel": 11497,
      "order": 0,
      "carePakSku": 2907488175,
      "carePakType": "CarePAK Plus",
      "carePakPeriod": 36,
      "startDate": "11/20/2015",
      "endDate": "09/12/2016",
      "registrationPeriod": 51,
      "edit": "<a href=\"#\" onclick=\"showEditPromotionModal(3883694693, 'EOS 80D EF-S 18-135mm f/3.5-5.6 IS USM Lens Kit', 11497, 2907488175, 'CarePAK Plus', 36, '11/20/2015', '09/12/2016', 51)\">EDIT</a>"
    },
    {
      "productSku": 2625688251,
      "productName": "PowerShot G7 X Mark II",
      "productModel": 12100,
      "order": 0,
      "carePakSku": 4094115069,
      "carePakType": "CarePAK Plus",
      "carePakPeriod": 48,
      "startDate": "08/06/2016",
      "endDate": "05/27/2018",
      "registrationPeriod": 85,
      "edit": "<a href=\"#\" onclick=\"showEditPromotionModal(2625688251, 'PowerShot G7 X Mark II', 12100, 4094115069, 'CarePAK Plus', 48, '08/06/2016', '05/27/2018', 85)\">EDIT</a>"
    },
    {
      "productSku": 8127694813,
      "productName": "EOS Rebel T6 Double Zoom Lens Kit",
      "productModel": 41722,
      "order": 0,
      "carePakSku": 3938142295,
      "carePakType": "CarePAK Plus",
      "carePakPeriod": 13,
      "startDate": "04/26/2017",
      "endDate": "02/18/2019",
      "registrationPeriod": 41,
      "edit": "<a href=\"#\" onclick=\"showEditPromotionModal(8127694813, 'EOS Rebel T6 Double Zoom Lens Kit', 41722, 3938142295, 'CarePAK Plus', 13, '04/26/2017', '02/18/2019', 41)\">EDIT</a>"
    },
    {
      "productSku": 395966236,
      "productName": "EOS 80D EF-S 18-135mm f/3.5-5.6 IS USM Lens Kit",
      "productModel": 48608,
      "order": 0,
      "carePakSku": 6292532850,
      "carePakType": "CarePAK Plus",
      "carePakPeriod": 49,
      "startDate": "02/10/2015",
      "endDate": "04/22/2016",
      "registrationPeriod": 87,
      "edit": "<a href=\"#\" onclick=\"showEditPromotionModal(395966236, 'EOS 80D EF-S 18-135mm f/3.5-5.6 IS USM Lens Kit', 48608, 6292532850, 'CarePAK Plus', 49, '02/10/2015', '04/22/2016', 87)\">EDIT</a>"
    },
    {
      "productSku": 2402503007,
      "productName": "EOS Rebel T6 Double Zoom Lens Kit",
      "productModel": 24699,
      "order": 0,
      "carePakSku": 6810358261,
      "carePakType": "CarePAK Plus",
      "carePakPeriod": 37,
      "startDate": "05/27/2018",
      "endDate": "04/01/2016",
      "registrationPeriod": 2,
      "edit": "<a href=\"#\" onclick=\"showEditPromotionModal(2402503007, 'EOS Rebel T6 Double Zoom Lens Kit', 24699, 6810358261, 'CarePAK Plus', 37, '05/27/2018', '04/01/2016', 2)\">EDIT</a>"
    },
    {
      "productSku": 6291399101,
      "productName": "PowerShot G7 X Mark II",
      "productModel": 69251,
      "order": 0,
      "carePakSku": 7487284469,
      "carePakType": "CarePAK Plus",
      "carePakPeriod": 60,
      "startDate": "08/08/2017",
      "endDate": "04/06/2016",
      "registrationPeriod": 13,
      "edit": "<a href=\"#\" onclick=\"showEditPromotionModal(6291399101, 'PowerShot G7 X Mark II', 69251, 7487284469, 'CarePAK Plus', 60, '08/08/2017', '04/06/2016', 13)\">EDIT</a>"
    },
    {
      "productSku": 3929206745,
      "productName": "PIXMA PRO-100",
      "productModel": 34858,
      "order": 0,
      "carePakSku": 5886249845,
      "carePakType": "CarePAK Plus",
      "carePakPeriod": 36,
      "startDate": "03/10/2016",
      "endDate": "10/16/2016",
      "registrationPeriod": 28,
      "edit": "<a href=\"#\" onclick=\"showEditPromotionModal(3929206745, 'PIXMA PRO-100', 34858, 5886249845, 'CarePAK Plus', 36, '03/10/2016', '10/16/2016', 28)\">EDIT</a>"
    },
    {
      "productSku": 1850736319,
      "productName": "EOS 80D EF-S 18-135mm f/3.5-5.6 IS USM Lens Kit",
      "productModel": 55422,
      "order": 0,
      "carePakSku": 523413145,
      "carePakType": "CarePAK Plus",
      "carePakPeriod": 49,
      "startDate": "12/29/2016",
      "endDate": "03/20/2016",
      "registrationPeriod": 9,
      "edit": "<a href=\"#\" onclick=\"showEditPromotionModal(1850736319, 'EOS 80D EF-S 18-135mm f/3.5-5.6 IS USM Lens Kit', 55422, 523413145, 'CarePAK Plus', 49, '12/29/2016', '03/20/2016', 9)\">EDIT</a>"
    },
    {
      "productSku": 7950886463,
      "productName": "PowerShot G7 X Mark II",
      "productModel": 48125,
      "order": 0,
      "carePakSku": 5864003450,
      "carePakType": "CarePAK Plus",
      "carePakPeriod": 60,
      "startDate": "05/24/2017",
      "endDate": "09/27/2018",
      "registrationPeriod": 41,
      "edit": "<a href=\"#\" onclick=\"showEditPromotionModal(7950886463, 'PowerShot G7 X Mark II', 48125, 5864003450, 'CarePAK Plus', 60, '05/24/2017', '09/27/2018', 41)\">EDIT</a>"
    },
    {
      "productSku": 8023110586,
      "productName": "EOS 70D Body",
      "productModel": 7905,
      "order": 0,
      "carePakSku": 4684691177,
      "carePakType": "CarePAK Plus",
      "carePakPeriod": 37,
      "startDate": "04/17/2017",
      "endDate": "11/03/2016",
      "registrationPeriod": 43,
      "edit": "<a href=\"#\" onclick=\"showEditPromotionModal(8023110586, 'EOS 70D Body', 7905, 4684691177, 'CarePAK Plus', 37, '04/17/2017', '11/03/2016', 43)\">EDIT</a>"
    },
    {
      "productSku": 5351492829,
      "productName": "EOS 70D Body",
      "productModel": 61328,
      "order": 0,
      "carePakSku": 8482528304,
      "carePakType": "CarePAK Plus",
      "carePakPeriod": 36,
      "startDate": "03/15/2018",
      "endDate": "06/13/2016",
      "registrationPeriod": 51,
      "edit": "<a href=\"#\" onclick=\"showEditPromotionModal(5351492829, 'EOS 70D Body', 61328, 8482528304, 'CarePAK Plus', 36, '03/15/2018', '06/13/2016', 51)\">EDIT</a>"
    },
    {
      "productSku": 8967391976,
      "productName": "PowerShot G7 X Mark II",
      "productModel": 32360,
      "order": 0,
      "carePakSku": 7932578102,
      "carePakType": "CarePAK Plus",
      "carePakPeriod": 13,
      "startDate": "12/02/2016",
      "endDate": "01/15/2015",
      "registrationPeriod": 13,
      "edit": "<a href=\"#\" onclick=\"showEditPromotionModal(8967391976, 'PowerShot G7 X Mark II', 32360, 7932578102, 'CarePAK Plus', 13, '12/02/2016', '01/15/2015', 13)\">EDIT</a>"
    },
    {
      "productSku": 1126742384,
      "productName": "EOS 80D EF-S 18-135mm f/3.5-5.6 IS USM Lens Kit",
      "productModel": 31232,
      "order": 0,
      "carePakSku": 3950841778,
      "carePakType": "CarePAK Plus",
      "carePakPeriod": 13,
      "startDate": "12/14/2016",
      "endDate": "08/01/2016",
      "registrationPeriod": 52,
      "edit": "<a href=\"#\" onclick=\"showEditPromotionModal(1126742384, 'EOS 80D EF-S 18-135mm f/3.5-5.6 IS USM Lens Kit', 31232, 3950841778, 'CarePAK Plus', 13, '12/14/2016', '08/01/2016', 52)\">EDIT</a>"
    },
    {
      "productSku": 3687076671,
      "productName": "PowerShot G7 X Mark II",
      "productModel": 51671,
      "order": 0,
      "carePakSku": 7729725347,
      "carePakType": "CarePAK Plus",
      "carePakPeriod": 49,
      "startDate": "09/24/2016",
      "endDate": "04/14/2015",
      "registrationPeriod": 86,
      "edit": "<a href=\"#\" onclick=\"showEditPromotionModal(3687076671, 'PowerShot G7 X Mark II', 51671, 7729725347, 'CarePAK Plus', 49, '09/24/2016', '04/14/2015', 86)\">EDIT</a>"
    },
    {
      "productSku": 4261286913,
      "productName": "PIXMA PRO-100",
      "productModel": 353,
      "order": 0,
      "carePakSku": 8370092552,
      "carePakType": "CarePAK Plus",
      "carePakPeriod": 49,
      "startDate": "06/11/2015",
      "endDate": "07/04/2017",
      "registrationPeriod": 58,
      "edit": "<a href=\"#\" onclick=\"showEditPromotionModal(4261286913, 'PIXMA PRO-100', 353, 8370092552, 'CarePAK Plus', 49, '06/11/2015', '07/04/2017', 58)\">EDIT</a>"
    },
    {
      "productSku": 8502798445,
      "productName": "PowerShot G7 X Mark II",
      "productModel": 41450,
      "order": 0,
      "carePakSku": 4201294739,
      "carePakType": "CarePAK Plus",
      "carePakPeriod": 48,
      "startDate": "07/11/2015",
      "endDate": "10/14/2017",
      "registrationPeriod": 19,
      "edit": "<a href=\"#\" onclick=\"showEditPromotionModal(8502798445, 'PowerShot G7 X Mark II', 41450, 4201294739, 'CarePAK Plus', 48, '07/11/2015', '10/14/2017', 19)\">EDIT</a>"
    },
    {
      "productSku": 8647026685,
      "productName": "PIXMA PRO-100",
      "productModel": 99057,
      "order": 0,
      "carePakSku": 6469902676,
      "carePakType": "CarePAK Plus",
      "carePakPeriod": 36,
      "startDate": "08/24/2017",
      "endDate": "04/26/2015",
      "registrationPeriod": 33,
      "edit": "<a href=\"#\" onclick=\"showEditPromotionModal(8647026685, 'PIXMA PRO-100', 99057, 6469902676, 'CarePAK Plus', 36, '08/24/2017', '04/26/2015', 33)\">EDIT</a>"
    },
    {
      "productSku": 6207864646,
      "productName": "PIXMA MX922",
      "productModel": 17351,
      "order": 0,
      "carePakSku": 8205601913,
      "carePakType": "CarePAK Plus",
      "carePakPeriod": 48,
      "startDate": "07/25/2016",
      "endDate": "06/28/2015",
      "registrationPeriod": 69,
      "edit": "<a href=\"#\" onclick=\"showEditPromotionModal(6207864646, 'PIXMA MX922', 17351, 8205601913, 'CarePAK Plus', 48, '07/25/2016', '06/28/2015', 69)\">EDIT</a>"
    },
    {
      "productSku": 9939463918,
      "productName": "PIXMA PRO-100",
      "productModel": 7304,
      "order": 0,
      "carePakSku": 4527543653,
      "carePakType": "CarePAK Plus",
      "carePakPeriod": 37,
      "startDate": "12/13/2017",
      "endDate": "02/13/2015",
      "registrationPeriod": 12,
      "edit": "<a href=\"#\" onclick=\"showEditPromotionModal(9939463918, 'PIXMA PRO-100', 7304, 4527543653, 'CarePAK Plus', 37, '12/13/2017', '02/13/2015', 12)\">EDIT</a>"
    },
    {
      "productSku": 2601452612,
      "productName": "EOS Rebel T6 Double Zoom Lens Kit",
      "productModel": 7977,
      "order": 0,
      "carePakSku": 649769332,
      "carePakType": "CarePAK Plus",
      "carePakPeriod": 37,
      "startDate": "11/21/2017",
      "endDate": "09/25/2016",
      "registrationPeriod": 39,
      "edit": "<a href=\"#\" onclick=\"showEditPromotionModal(2601452612, 'EOS Rebel T6 Double Zoom Lens Kit', 7977, 649769332, 'CarePAK Plus', 37, '11/21/2017', '09/25/2016', 39)\">EDIT</a>"
    },
    {
      "productSku": 8702305509,
      "productName": "PIXMA PRO-100",
      "productModel": 76646,
      "order": 0,
      "carePakSku": 1222299409,
      "carePakType": "CarePAK Plus",
      "carePakPeriod": 60,
      "startDate": "11/17/2016",
      "endDate": "01/27/2018",
      "registrationPeriod": 43,
      "edit": "<a href=\"#\" onclick=\"showEditPromotionModal(8702305509, 'PIXMA PRO-100', 76646, 1222299409, 'CarePAK Plus', 60, '11/17/2016', '01/27/2018', 43)\">EDIT</a>"
    },
    {
      "productSku": 5152830232,
      "productName": "EOS 70D Body",
      "productModel": 75394,
      "order": 0,
      "carePakSku": 9976027550,
      "carePakType": "CarePAK Plus",
      "carePakPeriod": 60,
      "startDate": "05/14/2015",
      "endDate": "02/09/2018",
      "registrationPeriod": 3,
      "edit": "<a href=\"#\" onclick=\"showEditPromotionModal(5152830232, 'EOS 70D Body', 75394, 9976027550, 'CarePAK Plus', 60, '05/14/2015', '02/09/2018', 3)\">EDIT</a>"
    },
    {
      "productSku": 3942723268,
      "productName": "EOS 80D EF-S 18-135mm f/3.5-5.6 IS USM Lens Kit",
      "productModel": 61493,
      "order": 0,
      "carePakSku": 4415250790,
      "carePakType": "CarePAK Plus",
      "carePakPeriod": 48,
      "startDate": "07/15/2017",
      "endDate": "08/26/2015",
      "registrationPeriod": 16,
      "edit": "<a href=\"#\" onclick=\"showEditPromotionModal(3942723268, 'EOS 80D EF-S 18-135mm f/3.5-5.6 IS USM Lens Kit', 61493, 4415250790, 'CarePAK Plus', 48, '07/15/2017', '08/26/2015', 16)\">EDIT</a>"
    },
    {
      "productSku": 3510163231,
      "productName": "EOS 80D EF-S 18-135mm f/3.5-5.6 IS USM Lens Kit",
      "productModel": 51497,
      "order": 0,
      "carePakSku": 5068320230,
      "carePakType": "CarePAK Plus",
      "carePakPeriod": 48,
      "startDate": "05/09/2018",
      "endDate": "12/16/2017",
      "registrationPeriod": 16,
      "edit": "<a href=\"#\" onclick=\"showEditPromotionModal(3510163231, 'EOS 80D EF-S 18-135mm f/3.5-5.6 IS USM Lens Kit', 51497, 5068320230, 'CarePAK Plus', 48, '05/09/2018', '12/16/2017', 16)\">EDIT</a>"
    },
    {
      "productSku": 7351702032,
      "productName": "PowerShot G7 X Mark II",
      "productModel": 46648,
      "order": 0,
      "carePakSku": 7239183377,
      "carePakType": "CarePAK Plus",
      "carePakPeriod": 48,
      "startDate": "01/09/2017",
      "endDate": "04/20/2018",
      "registrationPeriod": 41,
      "edit": "<a href=\"#\" onclick=\"showEditPromotionModal(7351702032, 'PowerShot G7 X Mark II', 46648, 7239183377, 'CarePAK Plus', 48, '01/09/2017', '04/20/2018', 41)\">EDIT</a>"
    },
    {
      "productSku": 7061820117,
      "productName": "EOS Rebel T6 Double Zoom Lens Kit",
      "productModel": 23212,
      "order": 0,
      "carePakSku": 2584487178,
      "carePakType": "CarePAK Plus",
      "carePakPeriod": 49,
      "startDate": "05/29/2017",
      "endDate": "07/13/2015",
      "registrationPeriod": 31,
      "edit": "<a href=\"#\" onclick=\"showEditPromotionModal(7061820117, 'EOS Rebel T6 Double Zoom Lens Kit', 23212, 2584487178, 'CarePAK Plus', 49, '05/29/2017', '07/13/2015', 31)\">EDIT</a>"
    },
    {
      "productSku": 2024451455,
      "productName": "EOS Rebel T6 Double Zoom Lens Kit",
      "productModel": 13602,
      "order": 0,
      "carePakSku": 949574461,
      "carePakType": "CarePAK Plus",
      "carePakPeriod": 36,
      "startDate": "07/05/2015",
      "endDate": "06/22/2017",
      "registrationPeriod": 89,
      "edit": "<a href=\"#\" onclick=\"showEditPromotionModal(2024451455, 'EOS Rebel T6 Double Zoom Lens Kit', 13602, 949574461, 'CarePAK Plus', 36, '07/05/2015', '06/22/2017', 89)\">EDIT</a>"
    },
    {
      "productSku": 4665048169,
      "productName": "EOS Rebel T6 Double Zoom Lens Kit",
      "productModel": 82037,
      "order": 0,
      "carePakSku": 3021316955,
      "carePakType": "CarePAK Plus",
      "carePakPeriod": 49,
      "startDate": "04/15/2015",
      "endDate": "09/29/2015",
      "registrationPeriod": 77,
      "edit": "<a href=\"#\" onclick=\"showEditPromotionModal(4665048169, 'EOS Rebel T6 Double Zoom Lens Kit', 82037, 3021316955, 'CarePAK Plus', 49, '04/15/2015', '09/29/2015', 77)\">EDIT</a>"
    },
    {
      "productSku": 7970488178,
      "productName": "EOS Rebel T6 Double Zoom Lens Kit",
      "productModel": 65007,
      "order": 0,
      "carePakSku": 8795033825,
      "carePakType": "CarePAK Plus",
      "carePakPeriod": 24,
      "startDate": "05/02/2018",
      "endDate": "08/03/2016",
      "registrationPeriod": 29,
      "edit": "<a href=\"#\" onclick=\"showEditPromotionModal(7970488178, 'EOS Rebel T6 Double Zoom Lens Kit', 65007, 8795033825, 'CarePAK Plus', 24, '05/02/2018', '08/03/2016', 29)\">EDIT</a>"
    },
    {
      "productSku": 6544854317,
      "productName": "PIXMA PRO-100",
      "productModel": 50623,
      "order": 0,
      "carePakSku": 4699611695,
      "carePakType": "CarePAK Plus",
      "carePakPeriod": 37,
      "startDate": "10/26/2016",
      "endDate": "10/24/2019",
      "registrationPeriod": 80,
      "edit": "<a href=\"#\" onclick=\"showEditPromotionModal(6544854317, 'PIXMA PRO-100', 50623, 4699611695, 'CarePAK Plus', 37, '10/26/2016', '10/24/2019', 80)\">EDIT</a>"
    },
    {
      "productSku": 1155359217,
      "productName": "PowerShot G7 X Mark II",
      "productModel": 23189,
      "order": 0,
      "carePakSku": 3422322810,
      "carePakType": "CarePAK Plus",
      "carePakPeriod": 36,
      "startDate": "12/29/2015",
      "endDate": "08/25/2018",
      "registrationPeriod": 64,
      "edit": "<a href=\"#\" onclick=\"showEditPromotionModal(1155359217, 'PowerShot G7 X Mark II', 23189, 3422322810, 'CarePAK Plus', 36, '12/29/2015', '08/25/2018', 64)\">EDIT</a>"
    },
    {
      "productSku": 532107190,
      "productName": "PIXMA PRO-100",
      "productModel": 76502,
      "order": 0,
      "carePakSku": 7750518139,
      "carePakType": "CarePAK Plus",
      "carePakPeriod": 24,
      "startDate": "10/05/2015",
      "endDate": "02/07/2017",
      "registrationPeriod": 9,
      "edit": "<a href=\"#\" onclick=\"showEditPromotionModal(532107190, 'PIXMA PRO-100', 76502, 7750518139, 'CarePAK Plus', 24, '10/05/2015', '02/07/2017', 9)\">EDIT</a>"
    },
    {
      "productSku": 8512644656,
      "productName": "PowerShot G7 X Mark II",
      "productModel": 68303,
      "order": 0,
      "carePakSku": 3690518249,
      "carePakType": "CarePAK Plus",
      "carePakPeriod": 13,
      "startDate": "08/11/2015",
      "endDate": "05/10/2015",
      "registrationPeriod": 25,
      "edit": "<a href=\"#\" onclick=\"showEditPromotionModal(8512644656, 'PowerShot G7 X Mark II', 68303, 3690518249, 'CarePAK Plus', 13, '08/11/2015', '05/10/2015', 25)\">EDIT</a>"
    },
    {
      "productSku": 9894371985,
      "productName": "EOS 80D EF-S 18-135mm f/3.5-5.6 IS USM Lens Kit",
      "productModel": 14970,
      "order": 0,
      "carePakSku": 2492437066,
      "carePakType": "CarePAK Plus",
      "carePakPeriod": 37,
      "startDate": "07/23/2017",
      "endDate": "08/01/2018",
      "registrationPeriod": 28,
      "edit": "<a href=\"#\" onclick=\"showEditPromotionModal(9894371985, 'EOS 80D EF-S 18-135mm f/3.5-5.6 IS USM Lens Kit', 14970, 2492437066, 'CarePAK Plus', 37, '07/23/2017', '08/01/2018', 28)\">EDIT</a>"
    },
    {
      "productSku": 6082606290,
      "productName": "PowerShot G7 X Mark II",
      "productModel": 4160,
      "order": 0,
      "carePakSku": 6210478541,
      "carePakType": "CarePAK Plus",
      "carePakPeriod": 37,
      "startDate": "04/22/2015",
      "endDate": "05/31/2016",
      "registrationPeriod": 48,
      "edit": "<a href=\"#\" onclick=\"showEditPromotionModal(6082606290, 'PowerShot G7 X Mark II', 4160, 6210478541, 'CarePAK Plus', 37, '04/22/2015', '05/31/2016', 48)\">EDIT</a>"
    },
    {
      "productSku": 1093132620,
      "productName": "PowerShot G7 X Mark II",
      "productModel": 68671,
      "order": 0,
      "carePakSku": 1751109234,
      "carePakType": "CarePAK Plus",
      "carePakPeriod": 24,
      "startDate": "01/24/2015",
      "endDate": "07/31/2016",
      "registrationPeriod": 28,
      "edit": "<a href=\"#\" onclick=\"showEditPromotionModal(1093132620, 'PowerShot G7 X Mark II', 68671, 1751109234, 'CarePAK Plus', 24, '01/24/2015', '07/31/2016', 28)\">EDIT</a>"
    },
    {
      "productSku": 9458154032,
      "productName": "PIXMA PRO-100",
      "productModel": 63565,
      "order": 0,
      "carePakSku": 6935190117,
      "carePakType": "CarePAK Plus",
      "carePakPeriod": 49,
      "startDate": "12/29/2015",
      "endDate": "11/08/2016",
      "registrationPeriod": 79,
      "edit": "<a href=\"#\" onclick=\"showEditPromotionModal(9458154032, 'PIXMA PRO-100', 63565, 6935190117, 'CarePAK Plus', 49, '12/29/2015', '11/08/2016', 79)\">EDIT</a>"
    },
    {
      "productSku": 2855239141,
      "productName": "PIXMA MX922",
      "productModel": 73105,
      "order": 0,
      "carePakSku": 6038513890,
      "carePakType": "CarePAK Plus",
      "carePakPeriod": 13,
      "startDate": "04/02/2015",
      "endDate": "06/19/2016",
      "registrationPeriod": 27,
      "edit": "<a href=\"#\" onclick=\"showEditPromotionModal(2855239141, 'PIXMA MX922', 73105, 6038513890, 'CarePAK Plus', 13, '04/02/2015', '06/19/2016', 27)\">EDIT</a>"
    },
    {
      "productSku": 2631504772,
      "productName": "PIXMA MX922",
      "productModel": 69875,
      "order": 0,
      "carePakSku": 7841790640,
      "carePakType": "CarePAK Plus",
      "carePakPeriod": 49,
      "startDate": "11/15/2017",
      "endDate": "04/19/2016",
      "registrationPeriod": 45,
      "edit": "<a href=\"#\" onclick=\"showEditPromotionModal(2631504772, 'PIXMA MX922', 69875, 7841790640, 'CarePAK Plus', 49, '11/15/2017', '04/19/2016', 45)\">EDIT</a>"
    },
    {
      "productSku": 438102758,
      "productName": "EOS 70D Body",
      "productModel": 821,
      "order": 0,
      "carePakSku": 1108848648,
      "carePakType": "CarePAK Plus",
      "carePakPeriod": 48,
      "startDate": "11/12/2017",
      "endDate": "11/01/2017",
      "registrationPeriod": 80,
      "edit": "<a href=\"#\" onclick=\"showEditPromotionModal(438102758, 'EOS 70D Body', 821, 1108848648, 'CarePAK Plus', 48, '11/12/2017', '11/01/2017', 80)\">EDIT</a>"
    },
    {
      "productSku": 1717260961,
      "productName": "PowerShot G7 X Mark II",
      "productModel": 48070,
      "order": 0,
      "carePakSku": 6783413070,
      "carePakType": "CarePAK Plus",
      "carePakPeriod": 60,
      "startDate": "01/04/2015",
      "endDate": "07/17/2017",
      "registrationPeriod": 29,
      "edit": "<a href=\"#\" onclick=\"showEditPromotionModal(1717260961, 'PowerShot G7 X Mark II', 48070, 6783413070, 'CarePAK Plus', 60, '01/04/2015', '07/17/2017', 29)\">EDIT</a>"
    },
    {
      "productSku": 4994813882,
      "productName": "PowerShot G7 X Mark II",
      "productModel": 81005,
      "order": 0,
      "carePakSku": 1800069473,
      "carePakType": "CarePAK Plus",
      "carePakPeriod": 36,
      "startDate": "07/30/2016",
      "endDate": "03/02/2016",
      "registrationPeriod": 65,
      "edit": "<a href=\"#\" onclick=\"showEditPromotionModal(4994813882, 'PowerShot G7 X Mark II', 81005, 1800069473, 'CarePAK Plus', 36, '07/30/2016', '03/02/2016', 65)\">EDIT</a>"
    },
    {
      "productSku": 7015571851,
      "productName": "PowerShot G7 X Mark II",
      "productModel": 18288,
      "order": 0,
      "carePakSku": 8208832735,
      "carePakType": "CarePAK Plus",
      "carePakPeriod": 60,
      "startDate": "03/18/2015",
      "endDate": "05/05/2018",
      "registrationPeriod": 2,
      "edit": "<a href=\"#\" onclick=\"showEditPromotionModal(7015571851, 'PowerShot G7 X Mark II', 18288, 8208832735, 'CarePAK Plus', 60, '03/18/2015', '05/05/2018', 2)\">EDIT</a>"
    },
    {
      "productSku": 9031727121,
      "productName": "PowerShot G7 X Mark II",
      "productModel": 19924,
      "order": 0,
      "carePakSku": 6593238472,
      "carePakType": "CarePAK Plus",
      "carePakPeriod": 60,
      "startDate": "12/27/2016",
      "endDate": "11/15/2016",
      "registrationPeriod": 18,
      "edit": "<a href=\"#\" onclick=\"showEditPromotionModal(9031727121, 'PowerShot G7 X Mark II', 19924, 6593238472, 'CarePAK Plus', 60, '12/27/2016', '11/15/2016', 18)\">EDIT</a>"
    },
    {
      "productSku": 7787943049,
      "productName": "EOS 70D Body",
      "productModel": 88279,
      "order": 0,
      "carePakSku": 6186541244,
      "carePakType": "CarePAK Plus",
      "carePakPeriod": 48,
      "startDate": "07/02/2016",
      "endDate": "04/18/2019",
      "registrationPeriod": 35,
      "edit": "<a href=\"#\" onclick=\"showEditPromotionModal(7787943049, 'EOS 70D Body', 88279, 6186541244, 'CarePAK Plus', 48, '07/02/2016', '04/18/2019', 35)\">EDIT</a>"
    },
    {
      "productSku": 7895504532,
      "productName": "PIXMA PRO-100",
      "productModel": 88031,
      "order": 0,
      "carePakSku": 8144429332,
      "carePakType": "CarePAK Plus",
      "carePakPeriod": 13,
      "startDate": "02/15/2017",
      "endDate": "01/14/2016",
      "registrationPeriod": 30,
      "edit": "<a href=\"#\" onclick=\"showEditPromotionModal(7895504532, 'PIXMA PRO-100', 88031, 8144429332, 'CarePAK Plus', 13, '02/15/2017', '01/14/2016', 30)\">EDIT</a>"
    },
    {
      "productSku": 5049667837,
      "productName": "PowerShot G7 X Mark II",
      "productModel": 11176,
      "order": 0,
      "carePakSku": 4305322811,
      "carePakType": "CarePAK Plus",
      "carePakPeriod": 13,
      "startDate": "07/30/2015",
      "endDate": "03/15/2017",
      "registrationPeriod": 22,
      "edit": "<a href=\"#\" onclick=\"showEditPromotionModal(5049667837, 'PowerShot G7 X Mark II', 11176, 4305322811, 'CarePAK Plus', 13, '07/30/2015', '03/15/2017', 22)\">EDIT</a>"
    },
    {
      "productSku": 830090689,
      "productName": "PIXMA PRO-100",
      "productModel": 90462,
      "order": 0,
      "carePakSku": 7596286069,
      "carePakType": "CarePAK Plus",
      "carePakPeriod": 48,
      "startDate": "09/04/2015",
      "endDate": "01/11/2018",
      "registrationPeriod": 49,
      "edit": "<a href=\"#\" onclick=\"showEditPromotionModal(830090689, 'PIXMA PRO-100', 90462, 7596286069, 'CarePAK Plus', 48, '09/04/2015', '01/11/2018', 49)\">EDIT</a>"
    },
    {
      "productSku": 723038813,
      "productName": "EOS Rebel T6 Double Zoom Lens Kit",
      "productModel": 78374,
      "order": 0,
      "carePakSku": 8533923649,
      "carePakType": "CarePAK Plus",
      "carePakPeriod": 36,
      "startDate": "12/18/2015",
      "endDate": "12/17/2016",
      "registrationPeriod": 88,
      "edit": "<a href=\"#\" onclick=\"showEditPromotionModal(723038813, 'EOS Rebel T6 Double Zoom Lens Kit', 78374, 8533923649, 'CarePAK Plus', 36, '12/18/2015', '12/17/2016', 88)\">EDIT</a>"
    },
    {
      "productSku": 8910724728,
      "productName": "PIXMA MX922",
      "productModel": 88293,
      "order": 0,
      "carePakSku": 6966879216,
      "carePakType": "CarePAK Plus",
      "carePakPeriod": 24,
      "startDate": "09/26/2016",
      "endDate": "06/08/2019",
      "registrationPeriod": 66,
      "edit": "<a href=\"#\" onclick=\"showEditPromotionModal(8910724728, 'PIXMA MX922', 88293, 6966879216, 'CarePAK Plus', 24, '09/26/2016', '06/08/2019', 66)\">EDIT</a>"
    },
    {
      "productSku": 1063093497,
      "productName": "PIXMA MX922",
      "productModel": 78379,
      "order": 0,
      "carePakSku": 9237470976,
      "carePakType": "CarePAK Plus",
      "carePakPeriod": 48,
      "startDate": "11/09/2016",
      "endDate": "03/29/2019",
      "registrationPeriod": 12,
      "edit": "<a href=\"#\" onclick=\"showEditPromotionModal(1063093497, 'PIXMA MX922', 78379, 9237470976, 'CarePAK Plus', 48, '11/09/2016', '03/29/2019', 12)\">EDIT</a>"
    }
  ]
}